titulo,texto,categoria
Arquitectura de APIs REST con Java,"Diseño de servicios backend con controladores, validación de datos, manejo de errores y respuestas HTTP consistentes.",Backend
Autenticación JWT en Node.js,"Implementación de login seguro con tokens JWT, middleware de autorización y sesiones stateless.",Backend
Microservicios con Spring Boot,"Construcción de microservicios desacoplados con descubrimiento de servicios, gateway y configuración centralizada.",Backend
Persistencia con PostgreSQL,"Uso de ORM, consultas eficientes, índices y relaciones para almacenar datos de forma confiable.",Backend
Caché con Redis para APIs,"Optimización del rendimiento backend mediante caché en memoria, reducción de latencia y rate limiting.",Backend
Procesamiento Asíncrono en el Servidor,"Ejecución de tareas en segundo plano usando colas, workers y comunicación entre servicios.",Backend
Diseño de Servicios con FastAPI,"Creación de endpoints rápidos con validación, dependencias, documentación automática y seguridad básica.",Backend
Arquitectura Hexagonal,"Separación entre dominio, infraestructura y adaptadores para mantener el backend mantenible.",Backend
Mensajería con RabbitMQ,Integración de productores y consumidores para desacoplar procesos críticos del sistema.,Backend
Buenas Prácticas de API,"Versionado, paginación, filtros, códigos de estado y manejo uniforme de errores en servicios web.",Backend
Seguridad en el Backend,"Protección de endpoints, autenticación, autorización y control de acceso basado en roles.",Backend
Pruebas Unitarias de Servicios,"Validación de lógica de negocio con tests automatizados, mocks y cobertura de casos críticos.",Backend
Arquitectura por Capas,"Organización del código en controladores, servicios y repositorios para facilitar mantenimiento.",Backend
Despliegue de Servicios,"Empaquetado de aplicaciones backend con dependencias, configuración y preparación para producción.",Backend
Optimización de Consultas SQL,"Mejora del rendimiento mediante índices, análisis de planes de ejecución y reducción de joins costosos.",Backend
Concurrencia en Node.js,Aprovechamiento del event loop para atender múltiples solicitudes sin bloquear el servidor.,Backend
Eventos de Dominio,Modelado de cambios importantes del negocio para desacoplar procesos internos y facilitar integración.,Backend
Controladores y Validación,"Recepción de peticiones, validación de payloads y respuesta con códigos HTTP correctos.",Backend
Servicios de Notificaciones,"Envío de correos, alertas y eventos desde procesos backend independientes.",Backend
Monitoreo de APIs,"Registro de logs, métricas y trazas para detectar errores y mejorar la observabilidad del servidor.",Backend
Arquitectura de APIs REST con Java,"Diseño de servicios backend con controladores, validación de datos, manejo de errores y respuestas HTTP consistentes.",Backend
Autenticación JWT en Node.js,"Implementación de login seguro con tokens JWT, middleware de autorización y sesiones stateless.",Backend
Microservicios con Spring Boot,"Construcción de microservicios desacoplados con descubrimiento de servicios, gateway y configuración centralizada.",Backend
Persistencia con PostgreSQL,"Uso de ORM, consultas eficientes, índices y relaciones para almacenar datos de forma confiable.",Backend
Caché con Redis para APIs,"Optimización del rendimiento backend mediante caché en memoria, reducción de latencia y rate limiting.",Backend
Procesamiento Asíncrono en el Servidor,"Ejecución de tareas en segundo plano usando colas, workers y comunicación entre servicios.",Backend
Diseño de Servicios con FastAPI,"Creación de endpoints rápidos con validación, dependencias, documentación automática y seguridad básica.",Backend
Arquitectura Hexagonal,"Separación entre dominio, infraestructura y adaptadores para mantener el backend mantenible.",Backend
Mensajería con RabbitMQ,Integración de productores y consumidores para desacoplar procesos críticos del sistema.,Backend
Buenas Prácticas de API,"Versionado, paginación, filtros, códigos de estado y manejo uniforme de errores en servicios web.",Backend
Seguridad en el Backend,"Protección de endpoints, autenticación, autorización y control de acceso basado en roles.",Backend
Pruebas Unitarias de Servicios,"Validación de lógica de negocio con tests automatizados, mocks y cobertura de casos críticos.",Backend
Arquitectura por Capas,"Organización del código en controladores, servicios y repositorios para facilitar mantenimiento.",Backend
Despliegue de Servicios,"Empaquetado de aplicaciones backend con dependencias, configuración y preparación para producción.",Backend
Optimización de Consultas SQL,"Mejora del rendimiento mediante índices, análisis de planes de ejecución y reducción de joins costosos.",Backend
Concurrencia en Node.js,Aprovechamiento del event loop para atender múltiples solicitudes sin bloquear el servidor.,Backend
Eventos de Dominio,Modelado de cambios importantes del negocio para desacoplar procesos internos y facilitar integración.,Backend
Controladores y Validación,"Recepción de peticiones, validación de payloads y respuesta con códigos HTTP correctos.",Backend
Servicios de Notificaciones,"Envío de correos, alertas y eventos desde procesos backend independientes.",Backend
Monitoreo de APIs,"Registro de logs, métricas y trazas para detectar errores y mejorar la observabilidad del servidor.",Backend
Arquitectura de APIs REST con Java,"Diseño de servicios backend con controladores, validación de datos, manejo de errores y respuestas HTTP consistentes.",Backend
Autenticación JWT en Node.js,"Implementación de login seguro con tokens JWT, middleware de autorización y sesiones stateless.",Backend
Microservicios con Spring Boot,"Construcción de microservicios desacoplados con descubrimiento de servicios, gateway y configuración centralizada.",Backend
Persistencia con PostgreSQL,"Uso de ORM, consultas eficientes, índices y relaciones para almacenar datos de forma confiable.",Backend
Caché con Redis para APIs,"Optimización del rendimiento backend mediante caché en memoria, reducción de latencia y rate limiting.",Backend
Procesamiento Asíncrono en el Servidor,"Ejecución de tareas en segundo plano usando colas, workers y comunicación entre servicios.",Backend
Diseño de Servicios con FastAPI,"Creación de endpoints rápidos con validación, dependencias, documentación automática y seguridad básica.",Backend
Arquitectura Hexagonal,"Separación entre dominio, infraestructura y adaptadores para mantener el backend mantenible.",Backend
Mensajería con RabbitMQ,Integración de productores y consumidores para desacoplar procesos críticos del sistema.,Backend
Buenas Prácticas de API,"Versionado, paginación, filtros, códigos de estado y manejo uniforme de errores en servicios web.",Backend
Seguridad en el Backend,"Protección de endpoints, autenticación, autorización y control de acceso basado en roles.",Backend
Pruebas Unitarias de Servicios,"Validación de lógica de negocio con tests automatizados, mocks y cobertura de casos críticos.",Backend
Arquitectura por Capas,"Organización del código en controladores, servicios y repositorios para facilitar mantenimiento.",Backend
Despliegue de Servicios,"Empaquetado de aplicaciones backend con dependencias, configuración y preparación para producción.",Backend
Optimización de Consultas SQL,"Mejora del rendimiento mediante índices, análisis de planes de ejecución y reducción de joins costosos.",Backend
Concurrencia en Node.js,Aprovechamiento del event loop para atender múltiples solicitudes sin bloquear el servidor.,Backend
Eventos de Dominio,Modelado de cambios importantes del negocio para desacoplar procesos internos y facilitar integración.,Backend
Controladores y Validación,"Recepción de peticiones, validación de payloads y respuesta con códigos HTTP correctos.",Backend
Servicios de Notificaciones,"Envío de correos, alertas y eventos desde procesos backend independientes.",Backend
Monitoreo de APIs,"Registro de logs, métricas y trazas para detectar errores y mejorar la observabilidad del servidor.",Backend
Arquitectura de APIs REST con Java,"Diseño de servicios backend con controladores, validación de datos, manejo de errores y respuestas HTTP consistentes.",Backend
Autenticación JWT en Node.js,"Implementación de login seguro con tokens JWT, middleware de autorización y sesiones stateless.",Backend
Microservicios con Spring Boot,"Construcción de microservicios desacoplados con descubrimiento de servicios, gateway y configuración centralizada.",Backend
Persistencia con PostgreSQL,"Uso de ORM, consultas eficientes, índices y relaciones para almacenar datos de forma confiable.",Backend
Caché con Redis para APIs,"Optimización del rendimiento backend mediante caché en memoria, reducción de latencia y rate limiting.",Backend
Procesamiento Asíncrono en el Servidor,"Ejecución de tareas en segundo plano usando colas, workers y comunicación entre servicios.",Backend
Diseño de Servicios con FastAPI,"Creación de endpoints rápidos con validación, dependencias, documentación automática y seguridad básica.",Backend
Arquitectura Hexagonal,"Separación entre dominio, infraestructura y adaptadores para mantener el backend mantenible.",Backend
Mensajería con RabbitMQ,Integración de productores y consumidores para desacoplar procesos críticos del sistema.,Backend
Buenas Prácticas de API,"Versionado, paginación, filtros, códigos de estado y manejo uniforme de errores en servicios web.",Backend
Seguridad en el Backend,"Protección de endpoints, autenticación, autorización y control de acceso basado en roles.",Backend
Pruebas Unitarias de Servicios,"Validación de lógica de negocio con tests automatizados, mocks y cobertura de casos críticos.",Backend
Arquitectura por Capas,"Organización del código en controladores, servicios y repositorios para facilitar mantenimiento.",Backend
Despliegue de Servicios,"Empaquetado de aplicaciones backend con dependencias, configuración y preparación para producción.",Backend
Optimización de Consultas SQL,"Mejora del rendimiento mediante índices, análisis de planes de ejecución y reducción de joins costosos.",Backend
Concurrencia en Node.js,Aprovechamiento del event loop para atender múltiples solicitudes sin bloquear el servidor.,Backend
Eventos de Dominio,Modelado de cambios importantes del negocio para desacoplar procesos internos y facilitar integración.,Backend
Controladores y Validación,"Recepción de peticiones, validación de payloads y respuesta con códigos HTTP correctos.",Backend
Servicios de Notificaciones,"Envío de correos, alertas y eventos desde procesos backend independientes.",Backend
Monitoreo de APIs,"Registro de logs, métricas y trazas para detectar errores y mejorar la observabilidad del servidor.",Backend
Arquitectura de APIs REST con Java,"Diseño de servicios backend con controladores, validación de datos, manejo de errores y respuestas HTTP consistentes.",Backend
Autenticación JWT en Node.js,"Implementación de login seguro con tokens JWT, middleware de autorización y sesiones stateless.",Backend
Microservicios con Spring Boot,"Construcción de microservicios desacoplados con descubrimiento de servicios, gateway y configuración centralizada.",Backend
Persistencia con PostgreSQL,"Uso de ORM, consultas eficientes, índices y relaciones para almacenar datos de forma confiable.",Backend
Caché con Redis para APIs,"Optimización del rendimiento backend mediante caché en memoria, reducción de latencia y rate limiting.",Backend
Procesamiento Asíncrono en el Servidor,"Ejecución de tareas en segundo plano usando colas, workers y comunicación entre servicios.",Backend
Diseño de Servicios con FastAPI,"Creación de endpoints rápidos con validación, dependencias, documentación automática y seguridad básica.",Backend
Arquitectura Hexagonal,"Separación entre dominio, infraestructura y adaptadores para mantener el backend mantenible.",Backend
Mensajería con RabbitMQ,Integración de productores y consumidores para desacoplar procesos críticos del sistema.,Backend
Buenas Prácticas de API,"Versionado, paginación, filtros, códigos de estado y manejo uniforme de errores en servicios web.",Backend
Seguridad en el Backend,"Protección de endpoints, autenticación, autorización y control de acceso basado en roles.",Backend
Pruebas Unitarias de Servicios,"Validación de lógica de negocio con tests automatizados, mocks y cobertura de casos críticos.",Backend
Arquitectura por Capas,"Organización del código en controladores, servicios y repositorios para facilitar mantenimiento.",Backend
Despliegue de Servicios,"Empaquetado de aplicaciones backend con dependencias, configuración y preparación para producción.",Backend
Optimización de Consultas SQL,"Mejora del rendimiento mediante índices, análisis de planes de ejecución y reducción de joins costosos.",Backend
Concurrencia en Node.js,Aprovechamiento del event loop para atender múltiples solicitudes sin bloquear el servidor.,Backend
Eventos de Dominio,Modelado de cambios importantes del negocio para desacoplar procesos internos y facilitar integración.,Backend
Controladores y Validación,"Recepción de peticiones, validación de payloads y respuesta con códigos HTTP correctos.",Backend
Servicios de Notificaciones,"Envío de correos, alertas y eventos desde procesos backend independientes.",Backend
Monitoreo de APIs,"Registro de logs, métricas y trazas para detectar errores y mejorar la observabilidad del servidor.",Backend
Arquitectura de APIs REST con Java,"Diseño de servicios backend con controladores, validación de datos, manejo de errores y respuestas HTTP consistentes.",Backend
Autenticación JWT en Node.js,"Implementación de login seguro con tokens JWT, middleware de autorización y sesiones stateless.",Backend
Microservicios con Spring Boot,"Construcción de microservicios desacoplados con descubrimiento de servicios, gateway y configuración centralizada.",Backend
Persistencia con PostgreSQL,"Uso de ORM, consultas eficientes, índices y relaciones para almacenar datos de forma confiable.",Backend
Caché con Redis para APIs,"Optimización del rendimiento backend mediante caché en memoria, reducción de latencia y rate limiting.",Backend
Procesamiento Asíncrono en el Servidor,"Ejecución de tareas en segundo plano usando colas, workers y comunicación entre servicios.",Backend
Diseño de Servicios con FastAPI,"Creación de endpoints rápidos con validación, dependencias, documentación automática y seguridad básica.",Backend
Arquitectura Hexagonal,"Separación entre dominio, infraestructura y adaptadores para mantener el backend mantenible.",Backend
Mensajería con RabbitMQ,Integración de productores y consumidores para desacoplar procesos críticos del sistema.,Backend
Buenas Prácticas de API,"Versionado, paginación, filtros, códigos de estado y manejo uniforme de errores en servicios web.",Backend
Seguridad en el Backend,"Protección de endpoints, autenticación, autorización y control de acceso basado en roles.",Backend
Pruebas Unitarias de Servicios,"Validación de lógica de negocio con tests automatizados, mocks y cobertura de casos críticos.",Backend
Arquitectura por Capas,"Organización del código en controladores, servicios y repositorios para facilitar mantenimiento.",Backend
Despliegue de Servicios,"Empaquetado de aplicaciones backend con dependencias, configuración y preparación para producción.",Backend
Optimización de Consultas SQL,"Mejora del rendimiento mediante índices, análisis de planes de ejecución y reducción de joins costosos.",Backend
Concurrencia en Node.js,Aprovechamiento del event loop para atender múltiples solicitudes sin bloquear el servidor.,Backend
Eventos de Dominio,Modelado de cambios importantes del negocio para desacoplar procesos internos y facilitar integración.,Backend
Controladores y Validación,"Recepción de peticiones, validación de payloads y respuesta con códigos HTTP correctos.",Backend
Servicios de Notificaciones,"Envío de correos, alertas y eventos desde procesos backend independientes.",Backend
Monitoreo de APIs,"Registro de logs, métricas y trazas para detectar errores y mejorar la observabilidad del servidor.",Backend
Arquitectura de APIs REST con Java,"Diseño de servicios backend con controladores, validación de datos, manejo de errores y respuestas HTTP consistentes.",Backend
Autenticación JWT en Node.js,"Implementación de login seguro con tokens JWT, middleware de autorización y sesiones stateless.",Backend
Microservicios con Spring Boot,"Construcción de microservicios desacoplados con descubrimiento de servicios, gateway y configuración centralizada.",Backend
Persistencia con PostgreSQL,"Uso de ORM, consultas eficientes, índices y relaciones para almacenar datos de forma confiable.",Backend
Caché con Redis para APIs,"Optimización del rendimiento backend mediante caché en memoria, reducción de latencia y rate limiting.",Backend
Procesamiento Asíncrono en el Servidor,"Ejecución de tareas en segundo plano usando colas, workers y comunicación entre servicios.",Backend
Diseño de Servicios con FastAPI,"Creación de endpoints rápidos con validación, dependencias, documentación automática y seguridad básica.",Backend
Arquitectura Hexagonal,"Separación entre dominio, infraestructura y adaptadores para mantener el backend mantenible.",Backend
Mensajería con RabbitMQ,Integración de productores y consumidores para desacoplar procesos críticos del sistema.,Backend
Buenas Prácticas de API,"Versionado, paginación, filtros, códigos de estado y manejo uniforme de errores en servicios web.",Backend
Seguridad en el Backend,"Protección de endpoints, autenticación, autorización y control de acceso basado en roles.",Backend
Pruebas Unitarias de Servicios,"Validación de lógica de negocio con tests automatizados, mocks y cobertura de casos críticos.",Backend
Arquitectura por Capas,"Organización del código en controladores, servicios y repositorios para facilitar mantenimiento.",Backend
Despliegue de Servicios,"Empaquetado de aplicaciones backend con dependencias, configuración y preparación para producción.",Backend
Optimización de Consultas SQL,"Mejora del rendimiento mediante índices, análisis de planes de ejecución y reducción de joins costosos.",Backend
Concurrencia en Node.js,Aprovechamiento del event loop para atender múltiples solicitudes sin bloquear el servidor.,Backend
Eventos de Dominio,Modelado de cambios importantes del negocio para desacoplar procesos internos y facilitar integración.,Backend
Controladores y Validación,"Recepción de peticiones, validación de payloads y respuesta con códigos HTTP correctos.",Backend
Servicios de Notificaciones,"Envío de correos, alertas y eventos desde procesos backend independientes.",Backend
Monitoreo de APIs,"Registro de logs, métricas y trazas para detectar errores y mejorar la observabilidad del servidor.",Backend
Arquitectura de APIs REST con Java,"Diseño de servicios backend con controladores, validación de datos, manejo de errores y respuestas HTTP consistentes.",Backend
Autenticación JWT en Node.js,"Implementación de login seguro con tokens JWT, middleware de autorización y sesiones stateless.",Backend
Microservicios con Spring Boot,"Construcción de microservicios desacoplados con descubrimiento de servicios, gateway y configuración centralizada.",Backend
Persistencia con PostgreSQL,"Uso de ORM, consultas eficientes, índices y relaciones para almacenar datos de forma confiable.",Backend
Caché con Redis para APIs,"Optimización del rendimiento backend mediante caché en memoria, reducción de latencia y rate limiting.",Backend
Procesamiento Asíncrono en el Servidor,"Ejecución de tareas en segundo plano usando colas, workers y comunicación entre servicios.",Backend
Diseño de Servicios con FastAPI,"Creación de endpoints rápidos con validación, dependencias, documentación automática y seguridad básica.",Backend
Arquitectura Hexagonal,"Separación entre dominio, infraestructura y adaptadores para mantener el backend mantenible.",Backend
Mensajería con RabbitMQ,Integración de productores y consumidores para desacoplar procesos críticos del sistema.,Backend
Buenas Prácticas de API,"Versionado, paginación, filtros, códigos de estado y manejo uniforme de errores en servicios web.",Backend
Seguridad en el Backend,"Protección de endpoints, autenticación, autorización y control de acceso basado en roles.",Backend
Pruebas Unitarias de Servicios,"Validación de lógica de negocio con tests automatizados, mocks y cobertura de casos críticos.",Backend
Arquitectura por Capas,"Organización del código en controladores, servicios y repositorios para facilitar mantenimiento.",Backend
Despliegue de Servicios,"Empaquetado de aplicaciones backend con dependencias, configuración y preparación para producción.",Backend
Optimización de Consultas SQL,"Mejora del rendimiento mediante índices, análisis de planes de ejecución y reducción de joins costosos.",Backend
Concurrencia en Node.js,Aprovechamiento del event loop para atender múltiples solicitudes sin bloquear el servidor.,Backend
Eventos de Dominio,Modelado de cambios importantes del negocio para desacoplar procesos internos y facilitar integración.,Backend
Controladores y Validación,"Recepción de peticiones, validación de payloads y respuesta con códigos HTTP correctos.",Backend
Servicios de Notificaciones,"Envío de correos, alertas y eventos desde procesos backend independientes.",Backend
Monitoreo de APIs,"Registro de logs, métricas y trazas para detectar errores y mejorar la observabilidad del servidor.",Backend
Arquitectura de APIs REST con Java,"Diseño de servicios backend con controladores, validación de datos, manejo de errores y respuestas HTTP consistentes.",Backend
Autenticación JWT en Node.js,"Implementación de login seguro con tokens JWT, middleware de autorización y sesiones stateless.",Backend
Microservicios con Spring Boot,"Construcción de microservicios desacoplados con descubrimiento de servicios, gateway y configuración centralizada.",Backend
Persistencia con PostgreSQL,"Uso de ORM, consultas eficientes, índices y relaciones para almacenar datos de forma confiable.",Backend
Caché con Redis para APIs,"Optimización del rendimiento backend mediante caché en memoria, reducción de latencia y rate limiting.",Backend
Procesamiento Asíncrono en el Servidor,"Ejecución de tareas en segundo plano usando colas, workers y comunicación entre servicios.",Backend
Diseño de Servicios con FastAPI,"Creación de endpoints rápidos con validación, dependencias, documentación automática y seguridad básica.",Backend
Arquitectura Hexagonal,"Separación entre dominio, infraestructura y adaptadores para mantener el backend mantenible.",Backend
Mensajería con RabbitMQ,Integración de productores y consumidores para desacoplar procesos críticos del sistema.,Backend
Buenas Prácticas de API,"Versionado, paginación, filtros, códigos de estado y manejo uniforme de errores en servicios web.",Backend
Seguridad en el Backend,"Protección de endpoints, autenticación, autorización y control de acceso basado en roles.",Backend
Pruebas Unitarias de Servicios,"Validación de lógica de negocio con tests automatizados, mocks y cobertura de casos críticos.",Backend
Arquitectura por Capas,"Organización del código en controladores, servicios y repositorios para facilitar mantenimiento.",Backend
Despliegue de Servicios,"Empaquetado de aplicaciones backend con dependencias, configuración y preparación para producción.",Backend
Optimización de Consultas SQL,"Mejora del rendimiento mediante índices, análisis de planes de ejecución y reducción de joins costosos.",Backend
Concurrencia en Node.js,Aprovechamiento del event loop para atender múltiples solicitudes sin bloquear el servidor.,Backend
Eventos de Dominio,Modelado de cambios importantes del negocio para desacoplar procesos internos y facilitar integración.,Backend
Controladores y Validación,"Recepción de peticiones, validación de payloads y respuesta con códigos HTTP correctos.",Backend
Servicios de Notificaciones,"Envío de correos, alertas y eventos desde procesos backend independientes.",Backend
Monitoreo de APIs,"Registro de logs, métricas y trazas para detectar errores y mejorar la observabilidad del servidor.",Backend
Arquitectura de APIs REST con Java,"Diseño de servicios backend con controladores, validación de datos, manejo de errores y respuestas HTTP consistentes.",Backend
Autenticación JWT en Node.js,"Implementación de login seguro con tokens JWT, middleware de autorización y sesiones stateless.",Backend
Microservicios con Spring Boot,"Construcción de microservicios desacoplados con descubrimiento de servicios, gateway y configuración centralizada.",Backend
Persistencia con PostgreSQL,"Uso de ORM, consultas eficientes, índices y relaciones para almacenar datos de forma confiable.",Backend
Caché con Redis para APIs,"Optimización del rendimiento backend mediante caché en memoria, reducción de latencia y rate limiting.",Backend
Procesamiento Asíncrono en el Servidor,"Ejecución de tareas en segundo plano usando colas, workers y comunicación entre servicios.",Backend
Diseño de Servicios con FastAPI,"Creación de endpoints rápidos con validación, dependencias, documentación automática y seguridad básica.",Backend
Arquitectura Hexagonal,"Separación entre dominio, infraestructura y adaptadores para mantener el backend mantenible.",Backend
Mensajería con RabbitMQ,Integración de productores y consumidores para desacoplar procesos críticos del sistema.,Backend
Buenas Prácticas de API,"Versionado, paginación, filtros, códigos de estado y manejo uniforme de errores en servicios web.",Backend
Seguridad en el Backend,"Protección de endpoints, autenticación, autorización y control de acceso basado en roles.",Backend
Pruebas Unitarias de Servicios,"Validación de lógica de negocio con tests automatizados, mocks y cobertura de casos críticos.",Backend
Arquitectura por Capas,"Organización del código en controladores, servicios y repositorios para facilitar mantenimiento.",Backend
Despliegue de Servicios,"Empaquetado de aplicaciones backend con dependencias, configuración y preparación para producción.",Backend
Optimización de Consultas SQL,"Mejora del rendimiento mediante índices, análisis de planes de ejecución y reducción de joins costosos.",Backend
Concurrencia en Node.js,Aprovechamiento del event loop para atender múltiples solicitudes sin bloquear el servidor.,Backend
Eventos de Dominio,Modelado de cambios importantes del negocio para desacoplar procesos internos y facilitar integración.,Backend
Controladores y Validación,"Recepción de peticiones, validación de payloads y respuesta con códigos HTTP correctos.",Backend
Servicios de Notificaciones,"Envío de correos, alertas y eventos desde procesos backend independientes.",Backend
Monitoreo de APIs,"Registro de logs, métricas y trazas para detectar errores y mejorar la observabilidad del servidor.",Backend
Componentes Reutilizables en React,"Construcción de interfaces modulares con componentes, props y estado local para mejorar el mantenimiento.",Frontend
Maquetación con HTML y CSS,"Estructuración visual de páginas con etiquetas semánticas, estilos y organización responsiva.",Frontend
Layouts con Flexbox,Alineación y distribución de elementos en contenedores flexibles para distintas pantallas.,Frontend
Diseños con CSS Grid,Creación de cuadrículas complejas para organizar contenido en filas y columnas.,Frontend
Estado en React,Gestión de datos dinámicos que actualizan la interfaz cuando el usuario interactúa.,Frontend
Consumo de APIs desde el Cliente,"Uso de Fetch o Axios para obtener datos, manejar errores y actualizar vistas de forma dinámica.",Frontend
Accesibilidad Web,"Aplicación de roles ARIA, navegación por teclado y etiquetas semánticas para mejorar inclusión.",Frontend
Rendimiento en Frontend,"Optimización de carga con code splitting, lazy loading y reducción del tamaño de los bundles.",Frontend
Formularios Interactivos,Captura y validación de datos del usuario con retroalimentación clara en la interfaz.,Frontend
Routing en SPAs,Navegación entre vistas usando rutas dinámicas sin recargar completamente la página.,Frontend
Componentización en Vue,Separación de la UI en piezas reutilizables con comunicación clara entre componentes.,Frontend
Animaciones CSS,Uso de transiciones y transformaciones para crear experiencias visuales fluidas.,Frontend
Testing de Interfaces,Validación de componentes y flujos de usuario con pruebas automatizadas.,Frontend
Responsive Design,"Adaptación del diseño a móviles, tabletas y pantallas grandes usando media queries.",Frontend
Gestión de Estado Global,Sincronización de datos compartidos entre múltiples vistas o componentes.,Frontend
SSR y SSG,Renderizado del lado del servidor o generación estática para mejorar SEO y velocidad inicial.,Frontend
TypeScript en el Frontend,Tipado estático para detectar errores temprano y mejorar la calidad del código.,Frontend
Hooks Personalizados,Extracción de lógica reutilizable para simplificar componentes y mantener consistencia.,Frontend
UI con Tailwind,Construcción rápida de interfaces con utilidades CSS y composición de estilos.,Frontend
Experiencia de Usuario,"Diseño de pantallas claras, consistentes y fáciles de usar para el usuario final.",Frontend
Componentes Reutilizables en React,"Construcción de interfaces modulares con componentes, props y estado local para mejorar el mantenimiento.",Frontend
Maquetación con HTML y CSS,"Estructuración visual de páginas con etiquetas semánticas, estilos y organización responsiva.",Frontend
Layouts con Flexbox,Alineación y distribución de elementos en contenedores flexibles para distintas pantallas.,Frontend
Diseños con CSS Grid,Creación de cuadrículas complejas para organizar contenido en filas y columnas.,Frontend
Estado en React,Gestión de datos dinámicos que actualizan la interfaz cuando el usuario interactúa.,Frontend
Consumo de APIs desde el Cliente,"Uso de Fetch o Axios para obtener datos, manejar errores y actualizar vistas de forma dinámica.",Frontend
Accesibilidad Web,"Aplicación de roles ARIA, navegación por teclado y etiquetas semánticas para mejorar inclusión.",Frontend
Rendimiento en Frontend,"Optimización de carga con code splitting, lazy loading y reducción del tamaño de los bundles.",Frontend
Formularios Interactivos,Captura y validación de datos del usuario con retroalimentación clara en la interfaz.,Frontend
Routing en SPAs,Navegación entre vistas usando rutas dinámicas sin recargar completamente la página.,Frontend
Componentización en Vue,Separación de la UI en piezas reutilizables con comunicación clara entre componentes.,Frontend
Animaciones CSS,Uso de transiciones y transformaciones para crear experiencias visuales fluidas.,Frontend
Testing de Interfaces,Validación de componentes y flujos de usuario con pruebas automatizadas.,Frontend
Responsive Design,"Adaptación del diseño a móviles, tabletas y pantallas grandes usando media queries.",Frontend
Gestión de Estado Global,Sincronización de datos compartidos entre múltiples vistas o componentes.,Frontend
SSR y SSG,Renderizado del lado del servidor o generación estática para mejorar SEO y velocidad inicial.,Frontend
TypeScript en el Frontend,Tipado estático para detectar errores temprano y mejorar la calidad del código.,Frontend
Hooks Personalizados,Extracción de lógica reutilizable para simplificar componentes y mantener consistencia.,Frontend
UI con Tailwind,Construcción rápida de interfaces con utilidades CSS y composición de estilos.,Frontend
Experiencia de Usuario,"Diseño de pantallas claras, consistentes y fáciles de usar para el usuario final.",Frontend
Componentes Reutilizables en React,"Construcción de interfaces modulares con componentes, props y estado local para mejorar el mantenimiento.",Frontend
Maquetación con HTML y CSS,"Estructuración visual de páginas con etiquetas semánticas, estilos y organización responsiva.",Frontend
Layouts con Flexbox,Alineación y distribución de elementos en contenedores flexibles para distintas pantallas.,Frontend
Diseños con CSS Grid,Creación de cuadrículas complejas para organizar contenido en filas y columnas.,Frontend
Estado en React,Gestión de datos dinámicos que actualizan la interfaz cuando el usuario interactúa.,Frontend
Consumo de APIs desde el Cliente,"Uso de Fetch o Axios para obtener datos, manejar errores y actualizar vistas de forma dinámica.",Frontend
Accesibilidad Web,"Aplicación de roles ARIA, navegación por teclado y etiquetas semánticas para mejorar inclusión.",Frontend
Rendimiento en Frontend,"Optimización de carga con code splitting, lazy loading y reducción del tamaño de los bundles.",Frontend
Formularios Interactivos,Captura y validación de datos del usuario con retroalimentación clara en la interfaz.,Frontend
Routing en SPAs,Navegación entre vistas usando rutas dinámicas sin recargar completamente la página.,Frontend
Componentización en Vue,Separación de la UI en piezas reutilizables con comunicación clara entre componentes.,Frontend
Animaciones CSS,Uso de transiciones y transformaciones para crear experiencias visuales fluidas.,Frontend
Testing de Interfaces,Validación de componentes y flujos de usuario con pruebas automatizadas.,Frontend
Responsive Design,"Adaptación del diseño a móviles, tabletas y pantallas grandes usando media queries.",Frontend
Gestión de Estado Global,Sincronización de datos compartidos entre múltiples vistas o componentes.,Frontend
SSR y SSG,Renderizado del lado del servidor o generación estática para mejorar SEO y velocidad inicial.,Frontend
TypeScript en el Frontend,Tipado estático para detectar errores temprano y mejorar la calidad del código.,Frontend
Hooks Personalizados,Extracción de lógica reutilizable para simplificar componentes y mantener consistencia.,Frontend
UI con Tailwind,Construcción rápida de interfaces con utilidades CSS y composición de estilos.,Frontend
Experiencia de Usuario,"Diseño de pantallas claras, consistentes y fáciles de usar para el usuario final.",Frontend
Componentes Reutilizables en React,"Construcción de interfaces modulares con componentes, props y estado local para mejorar el mantenimiento.",Frontend
Maquetación con HTML y CSS,"Estructuración visual de páginas con etiquetas semánticas, estilos y organización responsiva.",Frontend
Layouts con Flexbox,Alineación y distribución de elementos en contenedores flexibles para distintas pantallas.,Frontend
Diseños con CSS Grid,Creación de cuadrículas complejas para organizar contenido en filas y columnas.,Frontend
Estado en React,Gestión de datos dinámicos que actualizan la interfaz cuando el usuario interactúa.,Frontend
Consumo de APIs desde el Cliente,"Uso de Fetch o Axios para obtener datos, manejar errores y actualizar vistas de forma dinámica.",Frontend
Accesibilidad Web,"Aplicación de roles ARIA, navegación por teclado y etiquetas semánticas para mejorar inclusión.",Frontend
Rendimiento en Frontend,"Optimización de carga con code splitting, lazy loading y reducción del tamaño de los bundles.",Frontend
Formularios Interactivos,Captura y validación de datos del usuario con retroalimentación clara en la interfaz.,Frontend
Routing en SPAs,Navegación entre vistas usando rutas dinámicas sin recargar completamente la página.,Frontend
Componentización en Vue,Separación de la UI en piezas reutilizables con comunicación clara entre componentes.,Frontend
Animaciones CSS,Uso de transiciones y transformaciones para crear experiencias visuales fluidas.,Frontend
Testing de Interfaces,Validación de componentes y flujos de usuario con pruebas automatizadas.,Frontend
Responsive Design,"Adaptación del diseño a móviles, tabletas y pantallas grandes usando media queries.",Frontend
Gestión de Estado Global,Sincronización de datos compartidos entre múltiples vistas o componentes.,Frontend
SSR y SSG,Renderizado del lado del servidor o generación estática para mejorar SEO y velocidad inicial.,Frontend
TypeScript en el Frontend,Tipado estático para detectar errores temprano y mejorar la calidad del código.,Frontend
Hooks Personalizados,Extracción de lógica reutilizable para simplificar componentes y mantener consistencia.,Frontend
UI con Tailwind,Construcción rápida de interfaces con utilidades CSS y composición de estilos.,Frontend
Experiencia de Usuario,"Diseño de pantallas claras, consistentes y fáciles de usar para el usuario final.",Frontend
Componentes Reutilizables en React,"Construcción de interfaces modulares con componentes, props y estado local para mejorar el mantenimiento.",Frontend
Maquetación con HTML y CSS,"Estructuración visual de páginas con etiquetas semánticas, estilos y organización responsiva.",Frontend
Layouts con Flexbox,Alineación y distribución de elementos en contenedores flexibles para distintas pantallas.,Frontend
Diseños con CSS Grid,Creación de cuadrículas complejas para organizar contenido en filas y columnas.,Frontend
Estado en React,Gestión de datos dinámicos que actualizan la interfaz cuando el usuario interactúa.,Frontend
Consumo de APIs desde el Cliente,"Uso de Fetch o Axios para obtener datos, manejar errores y actualizar vistas de forma dinámica.",Frontend
Accesibilidad Web,"Aplicación de roles ARIA, navegación por teclado y etiquetas semánticas para mejorar inclusión.",Frontend
Rendimiento en Frontend,"Optimización de carga con code splitting, lazy loading y reducción del tamaño de los bundles.",Frontend
Formularios Interactivos,Captura y validación de datos del usuario con retroalimentación clara en la interfaz.,Frontend
Routing en SPAs,Navegación entre vistas usando rutas dinámicas sin recargar completamente la página.,Frontend
Componentización en Vue,Separación de la UI en piezas reutilizables con comunicación clara entre componentes.,Frontend
Animaciones CSS,Uso de transiciones y transformaciones para crear experiencias visuales fluidas.,Frontend
Testing de Interfaces,Validación de componentes y flujos de usuario con pruebas automatizadas.,Frontend
Responsive Design,"Adaptación del diseño a móviles, tabletas y pantallas grandes usando media queries.",Frontend
Gestión de Estado Global,Sincronización de datos compartidos entre múltiples vistas o componentes.,Frontend
SSR y SSG,Renderizado del lado del servidor o generación estática para mejorar SEO y velocidad inicial.,Frontend
TypeScript en el Frontend,Tipado estático para detectar errores temprano y mejorar la calidad del código.,Frontend
Hooks Personalizados,Extracción de lógica reutilizable para simplificar componentes y mantener consistencia.,Frontend
UI con Tailwind,Construcción rápida de interfaces con utilidades CSS y composición de estilos.,Frontend
Experiencia de Usuario,"Diseño de pantallas claras, consistentes y fáciles de usar para el usuario final.",Frontend
Componentes Reutilizables en React,"Construcción de interfaces modulares con componentes, props y estado local para mejorar el mantenimiento.",Frontend
Maquetación con HTML y CSS,"Estructuración visual de páginas con etiquetas semánticas, estilos y organización responsiva.",Frontend
Layouts con Flexbox,Alineación y distribución de elementos en contenedores flexibles para distintas pantallas.,Frontend
Diseños con CSS Grid,Creación de cuadrículas complejas para organizar contenido en filas y columnas.,Frontend
Estado en React,Gestión de datos dinámicos que actualizan la interfaz cuando el usuario interactúa.,Frontend
Consumo de APIs desde el Cliente,"Uso de Fetch o Axios para obtener datos, manejar errores y actualizar vistas de forma dinámica.",Frontend
Accesibilidad Web,"Aplicación de roles ARIA, navegación por teclado y etiquetas semánticas para mejorar inclusión.",Frontend
Rendimiento en Frontend,"Optimización de carga con code splitting, lazy loading y reducción del tamaño de los bundles.",Frontend
Formularios Interactivos,Captura y validación de datos del usuario con retroalimentación clara en la interfaz.,Frontend
Routing en SPAs,Navegación entre vistas usando rutas dinámicas sin recargar completamente la página.,Frontend
Componentización en Vue,Separación de la UI en piezas reutilizables con comunicación clara entre componentes.,Frontend
Animaciones CSS,Uso de transiciones y transformaciones para crear experiencias visuales fluidas.,Frontend
Testing de Interfaces,Validación de componentes y flujos de usuario con pruebas automatizadas.,Frontend
Responsive Design,"Adaptación del diseño a móviles, tabletas y pantallas grandes usando media queries.",Frontend
Gestión de Estado Global,Sincronización de datos compartidos entre múltiples vistas o componentes.,Frontend
SSR y SSG,Renderizado del lado del servidor o generación estática para mejorar SEO y velocidad inicial.,Frontend
TypeScript en el Frontend,Tipado estático para detectar errores temprano y mejorar la calidad del código.,Frontend
Hooks Personalizados,Extracción de lógica reutilizable para simplificar componentes y mantener consistencia.,Frontend
UI con Tailwind,Construcción rápida de interfaces con utilidades CSS y composición de estilos.,Frontend
Experiencia de Usuario,"Diseño de pantallas claras, consistentes y fáciles de usar para el usuario final.",Frontend
Componentes Reutilizables en React,"Construcción de interfaces modulares con componentes, props y estado local para mejorar el mantenimiento.",Frontend
Maquetación con HTML y CSS,"Estructuración visual de páginas con etiquetas semánticas, estilos y organización responsiva.",Frontend
Layouts con Flexbox,Alineación y distribución de elementos en contenedores flexibles para distintas pantallas.,Frontend
Diseños con CSS Grid,Creación de cuadrículas complejas para organizar contenido en filas y columnas.,Frontend
Estado en React,Gestión de datos dinámicos que actualizan la interfaz cuando el usuario interactúa.,Frontend
Consumo de APIs desde el Cliente,"Uso de Fetch o Axios para obtener datos, manejar errores y actualizar vistas de forma dinámica.",Frontend
Accesibilidad Web,"Aplicación de roles ARIA, navegación por teclado y etiquetas semánticas para mejorar inclusión.",Frontend
Rendimiento en Frontend,"Optimización de carga con code splitting, lazy loading y reducción del tamaño de los bundles.",Frontend
Formularios Interactivos,Captura y validación de datos del usuario con retroalimentación clara en la interfaz.,Frontend
Routing en SPAs,Navegación entre vistas usando rutas dinámicas sin recargar completamente la página.,Frontend
Componentización en Vue,Separación de la UI en piezas reutilizables con comunicación clara entre componentes.,Frontend
Animaciones CSS,Uso de transiciones y transformaciones para crear experiencias visuales fluidas.,Frontend
Testing de Interfaces,Validación de componentes y flujos de usuario con pruebas automatizadas.,Frontend
Responsive Design,"Adaptación del diseño a móviles, tabletas y pantallas grandes usando media queries.",Frontend
Gestión de Estado Global,Sincronización de datos compartidos entre múltiples vistas o componentes.,Frontend
SSR y SSG,Renderizado del lado del servidor o generación estática para mejorar SEO y velocidad inicial.,Frontend
TypeScript en el Frontend,Tipado estático para detectar errores temprano y mejorar la calidad del código.,Frontend
Hooks Personalizados,Extracción de lógica reutilizable para simplificar componentes y mantener consistencia.,Frontend
UI con Tailwind,Construcción rápida de interfaces con utilidades CSS y composición de estilos.,Frontend
Experiencia de Usuario,"Diseño de pantallas claras, consistentes y fáciles de usar para el usuario final.",Frontend
Componentes Reutilizables en React,"Construcción de interfaces modulares con componentes, props y estado local para mejorar el mantenimiento.",Frontend
Maquetación con HTML y CSS,"Estructuración visual de páginas con etiquetas semánticas, estilos y organización responsiva.",Frontend
Layouts con Flexbox,Alineación y distribución de elementos en contenedores flexibles para distintas pantallas.,Frontend
Diseños con CSS Grid,Creación de cuadrículas complejas para organizar contenido en filas y columnas.,Frontend
Estado en React,Gestión de datos dinámicos que actualizan la interfaz cuando el usuario interactúa.,Frontend
Consumo de APIs desde el Cliente,"Uso de Fetch o Axios para obtener datos, manejar errores y actualizar vistas de forma dinámica.",Frontend
Accesibilidad Web,"Aplicación de roles ARIA, navegación por teclado y etiquetas semánticas para mejorar inclusión.",Frontend
Rendimiento en Frontend,"Optimización de carga con code splitting, lazy loading y reducción del tamaño de los bundles.",Frontend
Formularios Interactivos,Captura y validación de datos del usuario con retroalimentación clara en la interfaz.,Frontend
Routing en SPAs,Navegación entre vistas usando rutas dinámicas sin recargar completamente la página.,Frontend
Componentización en Vue,Separación de la UI en piezas reutilizables con comunicación clara entre componentes.,Frontend
Animaciones CSS,Uso de transiciones y transformaciones para crear experiencias visuales fluidas.,Frontend
Testing de Interfaces,Validación de componentes y flujos de usuario con pruebas automatizadas.,Frontend
Responsive Design,"Adaptación del diseño a móviles, tabletas y pantallas grandes usando media queries.",Frontend
Gestión de Estado Global,Sincronización de datos compartidos entre múltiples vistas o componentes.,Frontend
SSR y SSG,Renderizado del lado del servidor o generación estática para mejorar SEO y velocidad inicial.,Frontend
TypeScript en el Frontend,Tipado estático para detectar errores temprano y mejorar la calidad del código.,Frontend
Hooks Personalizados,Extracción de lógica reutilizable para simplificar componentes y mantener consistencia.,Frontend
UI con Tailwind,Construcción rápida de interfaces con utilidades CSS y composición de estilos.,Frontend
Experiencia de Usuario,"Diseño de pantallas claras, consistentes y fáciles de usar para el usuario final.",Frontend
Componentes Reutilizables en React,"Construcción de interfaces modulares con componentes, props y estado local para mejorar el mantenimiento.",Frontend
Maquetación con HTML y CSS,"Estructuración visual de páginas con etiquetas semánticas, estilos y organización responsiva.",Frontend
Layouts con Flexbox,Alineación y distribución de elementos en contenedores flexibles para distintas pantallas.,Frontend
Diseños con CSS Grid,Creación de cuadrículas complejas para organizar contenido en filas y columnas.,Frontend
Estado en React,Gestión de datos dinámicos que actualizan la interfaz cuando el usuario interactúa.,Frontend
Consumo de APIs desde el Cliente,"Uso de Fetch o Axios para obtener datos, manejar errores y actualizar vistas de forma dinámica.",Frontend
Accesibilidad Web,"Aplicación de roles ARIA, navegación por teclado y etiquetas semánticas para mejorar inclusión.",Frontend
Rendimiento en Frontend,"Optimización de carga con code splitting, lazy loading y reducción del tamaño de los bundles.",Frontend
Formularios Interactivos,Captura y validación de datos del usuario con retroalimentación clara en la interfaz.,Frontend
Routing en SPAs,Navegación entre vistas usando rutas dinámicas sin recargar completamente la página.,Frontend
Componentización en Vue,Separación de la UI en piezas reutilizables con comunicación clara entre componentes.,Frontend
Animaciones CSS,Uso de transiciones y transformaciones para crear experiencias visuales fluidas.,Frontend
Testing de Interfaces,Validación de componentes y flujos de usuario con pruebas automatizadas.,Frontend
Responsive Design,"Adaptación del diseño a móviles, tabletas y pantallas grandes usando media queries.",Frontend
Gestión de Estado Global,Sincronización de datos compartidos entre múltiples vistas o componentes.,Frontend
SSR y SSG,Renderizado del lado del servidor o generación estática para mejorar SEO y velocidad inicial.,Frontend
TypeScript en el Frontend,Tipado estático para detectar errores temprano y mejorar la calidad del código.,Frontend
Hooks Personalizados,Extracción de lógica reutilizable para simplificar componentes y mantener consistencia.,Frontend
UI con Tailwind,Construcción rápida de interfaces con utilidades CSS y composición de estilos.,Frontend
Experiencia de Usuario,"Diseño de pantallas claras, consistentes y fáciles de usar para el usuario final.",Frontend
Componentes Reutilizables en React,"Construcción de interfaces modulares con componentes, props y estado local para mejorar el mantenimiento.",Frontend
Maquetación con HTML y CSS,"Estructuración visual de páginas con etiquetas semánticas, estilos y organización responsiva.",Frontend
Layouts con Flexbox,Alineación y distribución de elementos en contenedores flexibles para distintas pantallas.,Frontend
Diseños con CSS Grid,Creación de cuadrículas complejas para organizar contenido en filas y columnas.,Frontend
Estado en React,Gestión de datos dinámicos que actualizan la interfaz cuando el usuario interactúa.,Frontend
Consumo de APIs desde el Cliente,"Uso de Fetch o Axios para obtener datos, manejar errores y actualizar vistas de forma dinámica.",Frontend
Accesibilidad Web,"Aplicación de roles ARIA, navegación por teclado y etiquetas semánticas para mejorar inclusión.",Frontend
Rendimiento en Frontend,"Optimización de carga con code splitting, lazy loading y reducción del tamaño de los bundles.",Frontend
Formularios Interactivos,Captura y validación de datos del usuario con retroalimentación clara en la interfaz.,Frontend
Routing en SPAs,Navegación entre vistas usando rutas dinámicas sin recargar completamente la página.,Frontend
Componentización en Vue,Separación de la UI en piezas reutilizables con comunicación clara entre componentes.,Frontend
Animaciones CSS,Uso de transiciones y transformaciones para crear experiencias visuales fluidas.,Frontend
Testing de Interfaces,Validación de componentes y flujos de usuario con pruebas automatizadas.,Frontend
Responsive Design,"Adaptación del diseño a móviles, tabletas y pantallas grandes usando media queries.",Frontend
Gestión de Estado Global,Sincronización de datos compartidos entre múltiples vistas o componentes.,Frontend
SSR y SSG,Renderizado del lado del servidor o generación estática para mejorar SEO y velocidad inicial.,Frontend
TypeScript en el Frontend,Tipado estático para detectar errores temprano y mejorar la calidad del código.,Frontend
Hooks Personalizados,Extracción de lógica reutilizable para simplificar componentes y mantener consistencia.,Frontend
UI con Tailwind,Construcción rápida de interfaces con utilidades CSS y composición de estilos.,Frontend
Experiencia de Usuario,"Diseño de pantallas claras, consistentes y fáciles de usar para el usuario final.",Frontend
Diseño de Bases de Datos Relacionales,"Modelado de tablas, relaciones y claves para representar información de forma consistente.",Database
Consultas SQL Básicas,"Uso de SELECT, WHERE, ORDER BY y filtros para recuperar datos de una base relacional.",Database
Índices para Optimización,Creación de índices para acelerar consultas frecuentes y mejorar tiempos de respuesta.,Database
Normalización de Datos,Reducción de redundancia mediante formas normales y separación adecuada de entidades.,Database
Claves Primarias y Foráneas,Identificación única de registros y establecimiento de relaciones entre tablas.,Database
Transacciones ACID,"Aseguramiento de atomicidad, consistencia, aislamiento y durabilidad en operaciones críticas.",Database
JOINs en SQL,"Combinación de información desde varias tablas mediante INNER JOIN, LEFT JOIN y otras variantes.",Database
Bases de Datos NoSQL,Almacenamiento flexible de documentos o pares clave-valor sin esquema rígido.,Database
Consultas Agregadas,"Uso de GROUP BY, SUM, COUNT y funciones agregadas para resumir información.",Database
PostgreSQL para Aplicaciones,"Gestión de datos con consultas avanzadas, tipos complejos e ინდices bien diseñados.",Database
MySQL en Proyectos Web,Persistencia de información en tablas con relaciones y consultas de uso frecuente.,Database
MongoDB Documental,Modelado de colecciones y documentos para escenarios donde la flexibilidad es importante.,Database
Seguridad en Bases de Datos,"Control de permisos, roles y protección de datos sensibles en entornos productivos.",Database
Backups y Recuperación,"Estrategias de respaldo, restauración y continuidad operativa ante fallos.",Database
Optimización de Planes de Ejecución,Análisis de consultas para detectar cuellos de botella y mejorar rendimiento.,Database
Particionamiento de Tablas,División de grandes volúmenes de datos para facilitar mantenimiento y consultas.,Database
Integridad Referencial,Mantenimiento de relaciones correctas entre entidades y prevención de inconsistencias.,Database
Procedimientos Almacenados,Automatización de lógica dentro del motor de base de datos para tareas repetitivas.,Database
Replicación y Alta Disponibilidad,Distribución de datos para tolerancia a fallos y mejora de disponibilidad.,Database
Modelado Relacional Avanzado,Diseño de esquemas consistentes para sistemas transaccionales y analíticos.,Database
Diseño de Bases de Datos Relacionales,"Modelado de tablas, relaciones y claves para representar información de forma consistente.",Database
Consultas SQL Básicas,"Uso de SELECT, WHERE, ORDER BY y filtros para recuperar datos de una base relacional.",Database
Índices para Optimización,Creación de índices para acelerar consultas frecuentes y mejorar tiempos de respuesta.,Database
Normalización de Datos,Reducción de redundancia mediante formas normales y separación adecuada de entidades.,Database
Claves Primarias y Foráneas,Identificación única de registros y establecimiento de relaciones entre tablas.,Database
Transacciones ACID,"Aseguramiento de atomicidad, consistencia, aislamiento y durabilidad en operaciones críticas.",Database
JOINs en SQL,"Combinación de información desde varias tablas mediante INNER JOIN, LEFT JOIN y otras variantes.",Database
Bases de Datos NoSQL,Almacenamiento flexible de documentos o pares clave-valor sin esquema rígido.,Database
Consultas Agregadas,"Uso de GROUP BY, SUM, COUNT y funciones agregadas para resumir información.",Database
PostgreSQL para Aplicaciones,"Gestión de datos con consultas avanzadas, tipos complejos e ინდices bien diseñados.",Database
MySQL en Proyectos Web,Persistencia de información en tablas con relaciones y consultas de uso frecuente.,Database
MongoDB Documental,Modelado de colecciones y documentos para escenarios donde la flexibilidad es importante.,Database
Seguridad en Bases de Datos,"Control de permisos, roles y protección de datos sensibles en entornos productivos.",Database
Backups y Recuperación,"Estrategias de respaldo, restauración y continuidad operativa ante fallos.",Database
Optimización de Planes de Ejecución,Análisis de consultas para detectar cuellos de botella y mejorar rendimiento.,Database
Particionamiento de Tablas,División de grandes volúmenes de datos para facilitar mantenimiento y consultas.,Database
Integridad Referencial,Mantenimiento de relaciones correctas entre entidades y prevención de inconsistencias.,Database
Procedimientos Almacenados,Automatización de lógica dentro del motor de base de datos para tareas repetitivas.,Database
Replicación y Alta Disponibilidad,Distribución de datos para tolerancia a fallos y mejora de disponibilidad.,Database
Modelado Relacional Avanzado,Diseño de esquemas consistentes para sistemas transaccionales y analíticos.,Database
Diseño de Bases de Datos Relacionales,"Modelado de tablas, relaciones y claves para representar información de forma consistente.",Database
Consultas SQL Básicas,"Uso de SELECT, WHERE, ORDER BY y filtros para recuperar datos de una base relacional.",Database
Índices para Optimización,Creación de índices para acelerar consultas frecuentes y mejorar tiempos de respuesta.,Database
Normalización de Datos,Reducción de redundancia mediante formas normales y separación adecuada de entidades.,Database
Claves Primarias y Foráneas,Identificación única de registros y establecimiento de relaciones entre tablas.,Database
Transacciones ACID,"Aseguramiento de atomicidad, consistencia, aislamiento y durabilidad en operaciones críticas.",Database
JOINs en SQL,"Combinación de información desde varias tablas mediante INNER JOIN, LEFT JOIN y otras variantes.",Database
Bases de Datos NoSQL,Almacenamiento flexible de documentos o pares clave-valor sin esquema rígido.,Database
Consultas Agregadas,"Uso de GROUP BY, SUM, COUNT y funciones agregadas para resumir información.",Database
PostgreSQL para Aplicaciones,"Gestión de datos con consultas avanzadas, tipos complejos e ინდices bien diseñados.",Database
MySQL en Proyectos Web,Persistencia de información en tablas con relaciones y consultas de uso frecuente.,Database
MongoDB Documental,Modelado de colecciones y documentos para escenarios donde la flexibilidad es importante.,Database
Seguridad en Bases de Datos,"Control de permisos, roles y protección de datos sensibles en entornos productivos.",Database
Backups y Recuperación,"Estrategias de respaldo, restauración y continuidad operativa ante fallos.",Database
Optimización de Planes de Ejecución,Análisis de consultas para detectar cuellos de botella y mejorar rendimiento.,Database
Particionamiento de Tablas,División de grandes volúmenes de datos para facilitar mantenimiento y consultas.,Database
Integridad Referencial,Mantenimiento de relaciones correctas entre entidades y prevención de inconsistencias.,Database
Procedimientos Almacenados,Automatización de lógica dentro del motor de base de datos para tareas repetitivas.,Database
Replicación y Alta Disponibilidad,Distribución de datos para tolerancia a fallos y mejora de disponibilidad.,Database
Modelado Relacional Avanzado,Diseño de esquemas consistentes para sistemas transaccionales y analíticos.,Database
Diseño de Bases de Datos Relacionales,"Modelado de tablas, relaciones y claves para representar información de forma consistente.",Database
Consultas SQL Básicas,"Uso de SELECT, WHERE, ORDER BY y filtros para recuperar datos de una base relacional.",Database
Índices para Optimización,Creación de índices para acelerar consultas frecuentes y mejorar tiempos de respuesta.,Database
Normalización de Datos,Reducción de redundancia mediante formas normales y separación adecuada de entidades.,Database
Claves Primarias y Foráneas,Identificación única de registros y establecimiento de relaciones entre tablas.,Database
Transacciones ACID,"Aseguramiento de atomicidad, consistencia, aislamiento y durabilidad en operaciones críticas.",Database
JOINs en SQL,"Combinación de información desde varias tablas mediante INNER JOIN, LEFT JOIN y otras variantes.",Database
Bases de Datos NoSQL,Almacenamiento flexible de documentos o pares clave-valor sin esquema rígido.,Database
Consultas Agregadas,"Uso de GROUP BY, SUM, COUNT y funciones agregadas para resumir información.",Database
PostgreSQL para Aplicaciones,"Gestión de datos con consultas avanzadas, tipos complejos e ინდices bien diseñados.",Database
MySQL en Proyectos Web,Persistencia de información en tablas con relaciones y consultas de uso frecuente.,Database
MongoDB Documental,Modelado de colecciones y documentos para escenarios donde la flexibilidad es importante.,Database
Seguridad en Bases de Datos,"Control de permisos, roles y protección de datos sensibles en entornos productivos.",Database
Backups y Recuperación,"Estrategias de respaldo, restauración y continuidad operativa ante fallos.",Database
Optimización de Planes de Ejecución,Análisis de consultas para detectar cuellos de botella y mejorar rendimiento.,Database
Particionamiento de Tablas,División de grandes volúmenes de datos para facilitar mantenimiento y consultas.,Database
Integridad Referencial,Mantenimiento de relaciones correctas entre entidades y prevención de inconsistencias.,Database
Procedimientos Almacenados,Automatización de lógica dentro del motor de base de datos para tareas repetitivas.,Database
Replicación y Alta Disponibilidad,Distribución de datos para tolerancia a fallos y mejora de disponibilidad.,Database
Modelado Relacional Avanzado,Diseño de esquemas consistentes para sistemas transaccionales y analíticos.,Database
Diseño de Bases de Datos Relacionales,"Modelado de tablas, relaciones y claves para representar información de forma consistente.",Database
Consultas SQL Básicas,"Uso de SELECT, WHERE, ORDER BY y filtros para recuperar datos de una base relacional.",Database
Índices para Optimización,Creación de índices para acelerar consultas frecuentes y mejorar tiempos de respuesta.,Database
Normalización de Datos,Reducción de redundancia mediante formas normales y separación adecuada de entidades.,Database
Claves Primarias y Foráneas,Identificación única de registros y establecimiento de relaciones entre tablas.,Database
Transacciones ACID,"Aseguramiento de atomicidad, consistencia, aislamiento y durabilidad en operaciones críticas.",Database
JOINs en SQL,"Combinación de información desde varias tablas mediante INNER JOIN, LEFT JOIN y otras variantes.",Database
Bases de Datos NoSQL,Almacenamiento flexible de documentos o pares clave-valor sin esquema rígido.,Database
Consultas Agregadas,"Uso de GROUP BY, SUM, COUNT y funciones agregadas para resumir información.",Database
PostgreSQL para Aplicaciones,"Gestión de datos con consultas avanzadas, tipos complejos e ინდices bien diseñados.",Database
MySQL en Proyectos Web,Persistencia de información en tablas con relaciones y consultas de uso frecuente.,Database
MongoDB Documental,Modelado de colecciones y documentos para escenarios donde la flexibilidad es importante.,Database
Seguridad en Bases de Datos,"Control de permisos, roles y protección de datos sensibles en entornos productivos.",Database
Backups y Recuperación,"Estrategias de respaldo, restauración y continuidad operativa ante fallos.",Database
Optimización de Planes de Ejecución,Análisis de consultas para detectar cuellos de botella y mejorar rendimiento.,Database
Particionamiento de Tablas,División de grandes volúmenes de datos para facilitar mantenimiento y consultas.,Database
Integridad Referencial,Mantenimiento de relaciones correctas entre entidades y prevención de inconsistencias.,Database
Procedimientos Almacenados,Automatización de lógica dentro del motor de base de datos para tareas repetitivas.,Database
Replicación y Alta Disponibilidad,Distribución de datos para tolerancia a fallos y mejora de disponibilidad.,Database
Modelado Relacional Avanzado,Diseño de esquemas consistentes para sistemas transaccionales y analíticos.,Database
Diseño de Bases de Datos Relacionales,"Modelado de tablas, relaciones y claves para representar información de forma consistente.",Database
Consultas SQL Básicas,"Uso de SELECT, WHERE, ORDER BY y filtros para recuperar datos de una base relacional.",Database
Índices para Optimización,Creación de índices para acelerar consultas frecuentes y mejorar tiempos de respuesta.,Database
Normalización de Datos,Reducción de redundancia mediante formas normales y separación adecuada de entidades.,Database
Claves Primarias y Foráneas,Identificación única de registros y establecimiento de relaciones entre tablas.,Database
Transacciones ACID,"Aseguramiento de atomicidad, consistencia, aislamiento y durabilidad en operaciones críticas.",Database
JOINs en SQL,"Combinación de información desde varias tablas mediante INNER JOIN, LEFT JOIN y otras variantes.",Database
Bases de Datos NoSQL,Almacenamiento flexible de documentos o pares clave-valor sin esquema rígido.,Database
Consultas Agregadas,"Uso de GROUP BY, SUM, COUNT y funciones agregadas para resumir información.",Database
PostgreSQL para Aplicaciones,"Gestión de datos con consultas avanzadas, tipos complejos e ინდices bien diseñados.",Database
MySQL en Proyectos Web,Persistencia de información en tablas con relaciones y consultas de uso frecuente.,Database
MongoDB Documental,Modelado de colecciones y documentos para escenarios donde la flexibilidad es importante.,Database
Seguridad en Bases de Datos,"Control de permisos, roles y protección de datos sensibles en entornos productivos.",Database
Backups y Recuperación,"Estrategias de respaldo, restauración y continuidad operativa ante fallos.",Database
Optimización de Planes de Ejecución,Análisis de consultas para detectar cuellos de botella y mejorar rendimiento.,Database
Particionamiento de Tablas,División de grandes volúmenes de datos para facilitar mantenimiento y consultas.,Database
Integridad Referencial,Mantenimiento de relaciones correctas entre entidades y prevención de inconsistencias.,Database
Procedimientos Almacenados,Automatización de lógica dentro del motor de base de datos para tareas repetitivas.,Database
Replicación y Alta Disponibilidad,Distribución de datos para tolerancia a fallos y mejora de disponibilidad.,Database
Modelado Relacional Avanzado,Diseño de esquemas consistentes para sistemas transaccionales y analíticos.,Database
Diseño de Bases de Datos Relacionales,"Modelado de tablas, relaciones y claves para representar información de forma consistente.",Database
Consultas SQL Básicas,"Uso de SELECT, WHERE, ORDER BY y filtros para recuperar datos de una base relacional.",Database
Índices para Optimización,Creación de índices para acelerar consultas frecuentes y mejorar tiempos de respuesta.,Database
Normalización de Datos,Reducción de redundancia mediante formas normales y separación adecuada de entidades.,Database
Claves Primarias y Foráneas,Identificación única de registros y establecimiento de relaciones entre tablas.,Database
Transacciones ACID,"Aseguramiento de atomicidad, consistencia, aislamiento y durabilidad en operaciones críticas.",Database
JOINs en SQL,"Combinación de información desde varias tablas mediante INNER JOIN, LEFT JOIN y otras variantes.",Database
Bases de Datos NoSQL,Almacenamiento flexible de documentos o pares clave-valor sin esquema rígido.,Database
Consultas Agregadas,"Uso de GROUP BY, SUM, COUNT y funciones agregadas para resumir información.",Database
PostgreSQL para Aplicaciones,"Gestión de datos con consultas avanzadas, tipos complejos e ინდices bien diseñados.",Database
MySQL en Proyectos Web,Persistencia de información en tablas con relaciones y consultas de uso frecuente.,Database
MongoDB Documental,Modelado de colecciones y documentos para escenarios donde la flexibilidad es importante.,Database
Seguridad en Bases de Datos,"Control de permisos, roles y protección de datos sensibles en entornos productivos.",Database
Backups y Recuperación,"Estrategias de respaldo, restauración y continuidad operativa ante fallos.",Database
Optimización de Planes de Ejecución,Análisis de consultas para detectar cuellos de botella y mejorar rendimiento.,Database
Particionamiento de Tablas,División de grandes volúmenes de datos para facilitar mantenimiento y consultas.,Database
Integridad Referencial,Mantenimiento de relaciones correctas entre entidades y prevención de inconsistencias.,Database
Procedimientos Almacenados,Automatización de lógica dentro del motor de base de datos para tareas repetitivas.,Database
Replicación y Alta Disponibilidad,Distribución de datos para tolerancia a fallos y mejora de disponibilidad.,Database
Modelado Relacional Avanzado,Diseño de esquemas consistentes para sistemas transaccionales y analíticos.,Database
Diseño de Bases de Datos Relacionales,"Modelado de tablas, relaciones y claves para representar información de forma consistente.",Database
Consultas SQL Básicas,"Uso de SELECT, WHERE, ORDER BY y filtros para recuperar datos de una base relacional.",Database
Índices para Optimización,Creación de índices para acelerar consultas frecuentes y mejorar tiempos de respuesta.,Database
Normalización de Datos,Reducción de redundancia mediante formas normales y separación adecuada de entidades.,Database
Claves Primarias y Foráneas,Identificación única de registros y establecimiento de relaciones entre tablas.,Database
Transacciones ACID,"Aseguramiento de atomicidad, consistencia, aislamiento y durabilidad en operaciones críticas.",Database
JOINs en SQL,"Combinación de información desde varias tablas mediante INNER JOIN, LEFT JOIN y otras variantes.",Database
Bases de Datos NoSQL,Almacenamiento flexible de documentos o pares clave-valor sin esquema rígido.,Database
Consultas Agregadas,"Uso de GROUP BY, SUM, COUNT y funciones agregadas para resumir información.",Database
PostgreSQL para Aplicaciones,"Gestión de datos con consultas avanzadas, tipos complejos e ინდices bien diseñados.",Database
MySQL en Proyectos Web,Persistencia de información en tablas con relaciones y consultas de uso frecuente.,Database
MongoDB Documental,Modelado de colecciones y documentos para escenarios donde la flexibilidad es importante.,Database
Seguridad en Bases de Datos,"Control de permisos, roles y protección de datos sensibles en entornos productivos.",Database
Backups y Recuperación,"Estrategias de respaldo, restauración y continuidad operativa ante fallos.",Database
Optimización de Planes de Ejecución,Análisis de consultas para detectar cuellos de botella y mejorar rendimiento.,Database
Particionamiento de Tablas,División de grandes volúmenes de datos para facilitar mantenimiento y consultas.,Database
Integridad Referencial,Mantenimiento de relaciones correctas entre entidades y prevención de inconsistencias.,Database
Procedimientos Almacenados,Automatización de lógica dentro del motor de base de datos para tareas repetitivas.,Database
Replicación y Alta Disponibilidad,Distribución de datos para tolerancia a fallos y mejora de disponibilidad.,Database
Modelado Relacional Avanzado,Diseño de esquemas consistentes para sistemas transaccionales y analíticos.,Database
Diseño de Bases de Datos Relacionales,"Modelado de tablas, relaciones y claves para representar información de forma consistente.",Database
Consultas SQL Básicas,"Uso de SELECT, WHERE, ORDER BY y filtros para recuperar datos de una base relacional.",Database
Índices para Optimización,Creación de índices para acelerar consultas frecuentes y mejorar tiempos de respuesta.,Database
Normalización de Datos,Reducción de redundancia mediante formas normales y separación adecuada de entidades.,Database
Claves Primarias y Foráneas,Identificación única de registros y establecimiento de relaciones entre tablas.,Database
Transacciones ACID,"Aseguramiento de atomicidad, consistencia, aislamiento y durabilidad en operaciones críticas.",Database
JOINs en SQL,"Combinación de información desde varias tablas mediante INNER JOIN, LEFT JOIN y otras variantes.",Database
Bases de Datos NoSQL,Almacenamiento flexible de documentos o pares clave-valor sin esquema rígido.,Database
Consultas Agregadas,"Uso de GROUP BY, SUM, COUNT y funciones agregadas para resumir información.",Database
PostgreSQL para Aplicaciones,"Gestión de datos con consultas avanzadas, tipos complejos e ინდices bien diseñados.",Database
MySQL en Proyectos Web,Persistencia de información en tablas con relaciones y consultas de uso frecuente.,Database
MongoDB Documental,Modelado de colecciones y documentos para escenarios donde la flexibilidad es importante.,Database
Seguridad en Bases de Datos,"Control de permisos, roles y protección de datos sensibles en entornos productivos.",Database
Backups y Recuperación,"Estrategias de respaldo, restauración y continuidad operativa ante fallos.",Database
Optimización de Planes de Ejecución,Análisis de consultas para detectar cuellos de botella y mejorar rendimiento.,Database
Particionamiento de Tablas,División de grandes volúmenes de datos para facilitar mantenimiento y consultas.,Database
Integridad Referencial,Mantenimiento de relaciones correctas entre entidades y prevención de inconsistencias.,Database
Procedimientos Almacenados,Automatización de lógica dentro del motor de base de datos para tareas repetitivas.,Database
Replicación y Alta Disponibilidad,Distribución de datos para tolerancia a fallos y mejora de disponibilidad.,Database
Modelado Relacional Avanzado,Diseño de esquemas consistentes para sistemas transaccionales y analíticos.,Database
Diseño de Bases de Datos Relacionales,"Modelado de tablas, relaciones y claves para representar información de forma consistente.",Database
Consultas SQL Básicas,"Uso de SELECT, WHERE, ORDER BY y filtros para recuperar datos de una base relacional.",Database
Índices para Optimización,Creación de índices para acelerar consultas frecuentes y mejorar tiempos de respuesta.,Database
Normalización de Datos,Reducción de redundancia mediante formas normales y separación adecuada de entidades.,Database
Claves Primarias y Foráneas,Identificación única de registros y establecimiento de relaciones entre tablas.,Database
Transacciones ACID,"Aseguramiento de atomicidad, consistencia, aislamiento y durabilidad en operaciones críticas.",Database
JOINs en SQL,"Combinación de información desde varias tablas mediante INNER JOIN, LEFT JOIN y otras variantes.",Database
Bases de Datos NoSQL,Almacenamiento flexible de documentos o pares clave-valor sin esquema rígido.,Database
Consultas Agregadas,"Uso de GROUP BY, SUM, COUNT y funciones agregadas para resumir información.",Database
PostgreSQL para Aplicaciones,"Gestión de datos con consultas avanzadas, tipos complejos e ინდices bien diseñados.",Database
MySQL en Proyectos Web,Persistencia de información en tablas con relaciones y consultas de uso frecuente.,Database
MongoDB Documental,Modelado de colecciones y documentos para escenarios donde la flexibilidad es importante.,Database
Seguridad en Bases de Datos,"Control de permisos, roles y protección de datos sensibles en entornos productivos.",Database
Backups y Recuperación,"Estrategias de respaldo, restauración y continuidad operativa ante fallos.",Database
Optimización de Planes de Ejecución,Análisis de consultas para detectar cuellos de botella y mejorar rendimiento.,Database
Particionamiento de Tablas,División de grandes volúmenes de datos para facilitar mantenimiento y consultas.,Database
Integridad Referencial,Mantenimiento de relaciones correctas entre entidades y prevención de inconsistencias.,Database
Procedimientos Almacenados,Automatización de lógica dentro del motor de base de datos para tareas repetitivas.,Database
Replicación y Alta Disponibilidad,Distribución de datos para tolerancia a fallos y mejora de disponibilidad.,Database
Modelado Relacional Avanzado,Diseño de esquemas consistentes para sistemas transaccionales y analíticos.,Database
Introducción a Machine Learning,Aprendizaje de patrones a partir de datos históricos para hacer predicciones o clasificaciones.,IA
Redes Neuronales Artificiales,Modelos inspirados en neuronas que ajustan pesos para resolver tareas complejas.,IA
Procesamiento de Lenguaje Natural,"Técnicas para interpretar, clasificar y generar texto en lenguaje humano.",IA
Modelos Predictivos,Uso de datos previos para estimar resultados futuros con enfoque estadístico o de ML.,IA
Aprendizaje Supervisado,Entrenamiento con ejemplos etiquetados para aprender a mapear entradas y salidas.,IA
Aprendizaje No Supervisado,Búsqueda de patrones ocultos y agrupamientos sin etiquetas previas.,IA
Visión por Computadora,"Análisis de imágenes y videos para reconocer objetos, escenas o patrones visuales.",IA
Sobreajuste y Generalización,Problema que ocurre cuando el modelo memoriza demasiado y falla con datos nuevos.,IA
Transformers y LLMs,Arquitecturas que procesan texto con mecanismos de atención para tareas avanzadas.,IA
Fine-Tuning de Modelos,Ajuste de un modelo preentrenado para adaptarlo a un dominio específico.,IA
Embeddings Vectoriales,Representación numérica de palabras o conceptos para medir similitud semántica.,IA
IA Generativa,"Modelos capaces de producir texto, imágenes u otros contenidos a partir de contexto.",IA
RAG con Bases Vectoriales,Combinación de recuperación de información y generación para responder con fuentes externas.,IA
MLOps en Producción,"Gestión del ciclo de vida de modelos, monitoreo y despliegue en entornos reales.",IA
Clasificación de Texto,Asignación de categorías a documentos usando características extraídas del lenguaje.,IA
Optimización de Hiperparámetros,Búsqueda de configuraciones que mejoren el desempeño del modelo entrenado.,IA
Detección de Anomalías,"Identificación de comportamientos atípicos en datos, sensores o transacciones.",IA
IA Explicable,Interpretación de predicciones para entender por qué un modelo tomó una decisión.,IA
Agentes Autónomos,"Sistemas que planifican, ejecutan acciones y usan herramientas para cumplir objetivos.",IA
Ciencia de Datos,"Preparación, análisis y modelado de datos para extraer conocimiento útil.",IA
Introducción a Machine Learning,Aprendizaje de patrones a partir de datos históricos para hacer predicciones o clasificaciones.,IA
Redes Neuronales Artificiales,Modelos inspirados en neuronas que ajustan pesos para resolver tareas complejas.,IA
Procesamiento de Lenguaje Natural,"Técnicas para interpretar, clasificar y generar texto en lenguaje humano.",IA
Modelos Predictivos,Uso de datos previos para estimar resultados futuros con enfoque estadístico o de ML.,IA
Aprendizaje Supervisado,Entrenamiento con ejemplos etiquetados para aprender a mapear entradas y salidas.,IA
Aprendizaje No Supervisado,Búsqueda de patrones ocultos y agrupamientos sin etiquetas previas.,IA
Visión por Computadora,"Análisis de imágenes y videos para reconocer objetos, escenas o patrones visuales.",IA
Sobreajuste y Generalización,Problema que ocurre cuando el modelo memoriza demasiado y falla con datos nuevos.,IA
Transformers y LLMs,Arquitecturas que procesan texto con mecanismos de atención para tareas avanzadas.,IA
Fine-Tuning de Modelos,Ajuste de un modelo preentrenado para adaptarlo a un dominio específico.,IA
Embeddings Vectoriales,Representación numérica de palabras o conceptos para medir similitud semántica.,IA
IA Generativa,"Modelos capaces de producir texto, imágenes u otros contenidos a partir de contexto.",IA
RAG con Bases Vectoriales,Combinación de recuperación de información y generación para responder con fuentes externas.,IA
MLOps en Producción,"Gestión del ciclo de vida de modelos, monitoreo y despliegue en entornos reales.",IA
Clasificación de Texto,Asignación de categorías a documentos usando características extraídas del lenguaje.,IA
Optimización de Hiperparámetros,Búsqueda de configuraciones que mejoren el desempeño del modelo entrenado.,IA
Detección de Anomalías,"Identificación de comportamientos atípicos en datos, sensores o transacciones.",IA
IA Explicable,Interpretación de predicciones para entender por qué un modelo tomó una decisión.,IA
Agentes Autónomos,"Sistemas que planifican, ejecutan acciones y usan herramientas para cumplir objetivos.",IA
Ciencia de Datos,"Preparación, análisis y modelado de datos para extraer conocimiento útil.",IA
Introducción a Machine Learning,Aprendizaje de patrones a partir de datos históricos para hacer predicciones o clasificaciones.,IA
Redes Neuronales Artificiales,Modelos inspirados en neuronas que ajustan pesos para resolver tareas complejas.,IA
Procesamiento de Lenguaje Natural,"Técnicas para interpretar, clasificar y generar texto en lenguaje humano.",IA
Modelos Predictivos,Uso de datos previos para estimar resultados futuros con enfoque estadístico o de ML.,IA
Aprendizaje Supervisado,Entrenamiento con ejemplos etiquetados para aprender a mapear entradas y salidas.,IA
Aprendizaje No Supervisado,Búsqueda de patrones ocultos y agrupamientos sin etiquetas previas.,IA
Visión por Computadora,"Análisis de imágenes y videos para reconocer objetos, escenas o patrones visuales.",IA
Sobreajuste y Generalización,Problema que ocurre cuando el modelo memoriza demasiado y falla con datos nuevos.,IA
Transformers y LLMs,Arquitecturas que procesan texto con mecanismos de atención para tareas avanzadas.,IA
Fine-Tuning de Modelos,Ajuste de un modelo preentrenado para adaptarlo a un dominio específico.,IA
Embeddings Vectoriales,Representación numérica de palabras o conceptos para medir similitud semántica.,IA
IA Generativa,"Modelos capaces de producir texto, imágenes u otros contenidos a partir de contexto.",IA
RAG con Bases Vectoriales,Combinación de recuperación de información y generación para responder con fuentes externas.,IA
MLOps en Producción,"Gestión del ciclo de vida de modelos, monitoreo y despliegue en entornos reales.",IA
Clasificación de Texto,Asignación de categorías a documentos usando características extraídas del lenguaje.,IA
Optimización de Hiperparámetros,Búsqueda de configuraciones que mejoren el desempeño del modelo entrenado.,IA
Detección de Anomalías,"Identificación de comportamientos atípicos en datos, sensores o transacciones.",IA
IA Explicable,Interpretación de predicciones para entender por qué un modelo tomó una decisión.,IA
Agentes Autónomos,"Sistemas que planifican, ejecutan acciones y usan herramientas para cumplir objetivos.",IA
Ciencia de Datos,"Preparación, análisis y modelado de datos para extraer conocimiento útil.",IA
Introducción a Machine Learning,Aprendizaje de patrones a partir de datos históricos para hacer predicciones o clasificaciones.,IA
Redes Neuronales Artificiales,Modelos inspirados en neuronas que ajustan pesos para resolver tareas complejas.,IA
Procesamiento de Lenguaje Natural,"Técnicas para interpretar, clasificar y generar texto en lenguaje humano.",IA
Modelos Predictivos,Uso de datos previos para estimar resultados futuros con enfoque estadístico o de ML.,IA
Aprendizaje Supervisado,Entrenamiento con ejemplos etiquetados para aprender a mapear entradas y salidas.,IA
Aprendizaje No Supervisado,Búsqueda de patrones ocultos y agrupamientos sin etiquetas previas.,IA
Visión por Computadora,"Análisis de imágenes y videos para reconocer objetos, escenas o patrones visuales.",IA
Sobreajuste y Generalización,Problema que ocurre cuando el modelo memoriza demasiado y falla con datos nuevos.,IA
Transformers y LLMs,Arquitecturas que procesan texto con mecanismos de atención para tareas avanzadas.,IA
Fine-Tuning de Modelos,Ajuste de un modelo preentrenado para adaptarlo a un dominio específico.,IA
Embeddings Vectoriales,Representación numérica de palabras o conceptos para medir similitud semántica.,IA
IA Generativa,"Modelos capaces de producir texto, imágenes u otros contenidos a partir de contexto.",IA
RAG con Bases Vectoriales,Combinación de recuperación de información y generación para responder con fuentes externas.,IA
MLOps en Producción,"Gestión del ciclo de vida de modelos, monitoreo y despliegue en entornos reales.",IA
Clasificación de Texto,Asignación de categorías a documentos usando características extraídas del lenguaje.,IA
Optimización de Hiperparámetros,Búsqueda de configuraciones que mejoren el desempeño del modelo entrenado.,IA
Detección de Anomalías,"Identificación de comportamientos atípicos en datos, sensores o transacciones.",IA
IA Explicable,Interpretación de predicciones para entender por qué un modelo tomó una decisión.,IA
Agentes Autónomos,"Sistemas que planifican, ejecutan acciones y usan herramientas para cumplir objetivos.",IA
Ciencia de Datos,"Preparación, análisis y modelado de datos para extraer conocimiento útil.",IA
Introducción a Machine Learning,Aprendizaje de patrones a partir de datos históricos para hacer predicciones o clasificaciones.,IA
Redes Neuronales Artificiales,Modelos inspirados en neuronas que ajustan pesos para resolver tareas complejas.,IA
Procesamiento de Lenguaje Natural,"Técnicas para interpretar, clasificar y generar texto en lenguaje humano.",IA
Modelos Predictivos,Uso de datos previos para estimar resultados futuros con enfoque estadístico o de ML.,IA
Aprendizaje Supervisado,Entrenamiento con ejemplos etiquetados para aprender a mapear entradas y salidas.,IA
Aprendizaje No Supervisado,Búsqueda de patrones ocultos y agrupamientos sin etiquetas previas.,IA
Visión por Computadora,"Análisis de imágenes y videos para reconocer objetos, escenas o patrones visuales.",IA
Sobreajuste y Generalización,Problema que ocurre cuando el modelo memoriza demasiado y falla con datos nuevos.,IA
Transformers y LLMs,Arquitecturas que procesan texto con mecanismos de atención para tareas avanzadas.,IA
Fine-Tuning de Modelos,Ajuste de un modelo preentrenado para adaptarlo a un dominio específico.,IA
Embeddings Vectoriales,Representación numérica de palabras o conceptos para medir similitud semántica.,IA
IA Generativa,"Modelos capaces de producir texto, imágenes u otros contenidos a partir de contexto.",IA
RAG con Bases Vectoriales,Combinación de recuperación de información y generación para responder con fuentes externas.,IA
MLOps en Producción,"Gestión del ciclo de vida de modelos, monitoreo y despliegue en entornos reales.",IA
Clasificación de Texto,Asignación de categorías a documentos usando características extraídas del lenguaje.,IA
Optimización de Hiperparámetros,Búsqueda de configuraciones que mejoren el desempeño del modelo entrenado.,IA
Detección de Anomalías,"Identificación de comportamientos atípicos en datos, sensores o transacciones.",IA
IA Explicable,Interpretación de predicciones para entender por qué un modelo tomó una decisión.,IA
Agentes Autónomos,"Sistemas que planifican, ejecutan acciones y usan herramientas para cumplir objetivos.",IA
Ciencia de Datos,"Preparación, análisis y modelado de datos para extraer conocimiento útil.",IA
Introducción a Machine Learning,Aprendizaje de patrones a partir de datos históricos para hacer predicciones o clasificaciones.,IA
Redes Neuronales Artificiales,Modelos inspirados en neuronas que ajustan pesos para resolver tareas complejas.,IA
Procesamiento de Lenguaje Natural,"Técnicas para interpretar, clasificar y generar texto en lenguaje humano.",IA
Modelos Predictivos,Uso de datos previos para estimar resultados futuros con enfoque estadístico o de ML.,IA
Aprendizaje Supervisado,Entrenamiento con ejemplos etiquetados para aprender a mapear entradas y salidas.,IA
Aprendizaje No Supervisado,Búsqueda de patrones ocultos y agrupamientos sin etiquetas previas.,IA
Visión por Computadora,"Análisis de imágenes y videos para reconocer objetos, escenas o patrones visuales.",IA
Sobreajuste y Generalización,Problema que ocurre cuando el modelo memoriza demasiado y falla con datos nuevos.,IA
Transformers y LLMs,Arquitecturas que procesan texto con mecanismos de atención para tareas avanzadas.,IA
Fine-Tuning de Modelos,Ajuste de un modelo preentrenado para adaptarlo a un dominio específico.,IA
Embeddings Vectoriales,Representación numérica de palabras o conceptos para medir similitud semántica.,IA
IA Generativa,"Modelos capaces de producir texto, imágenes u otros contenidos a partir de contexto.",IA
RAG con Bases Vectoriales,Combinación de recuperación de información y generación para responder con fuentes externas.,IA
MLOps en Producción,"Gestión del ciclo de vida de modelos, monitoreo y despliegue en entornos reales.",IA
Clasificación de Texto,Asignación de categorías a documentos usando características extraídas del lenguaje.,IA
Optimización de Hiperparámetros,Búsqueda de configuraciones que mejoren el desempeño del modelo entrenado.,IA
Detección de Anomalías,"Identificación de comportamientos atípicos en datos, sensores o transacciones.",IA
IA Explicable,Interpretación de predicciones para entender por qué un modelo tomó una decisión.,IA
Agentes Autónomos,"Sistemas que planifican, ejecutan acciones y usan herramientas para cumplir objetivos.",IA
Ciencia de Datos,"Preparación, análisis y modelado de datos para extraer conocimiento útil.",IA
Introducción a Machine Learning,Aprendizaje de patrones a partir de datos históricos para hacer predicciones o clasificaciones.,IA
Redes Neuronales Artificiales,Modelos inspirados en neuronas que ajustan pesos para resolver tareas complejas.,IA
Procesamiento de Lenguaje Natural,"Técnicas para interpretar, clasificar y generar texto en lenguaje humano.",IA
Modelos Predictivos,Uso de datos previos para estimar resultados futuros con enfoque estadístico o de ML.,IA
Aprendizaje Supervisado,Entrenamiento con ejemplos etiquetados para aprender a mapear entradas y salidas.,IA
Aprendizaje No Supervisado,Búsqueda de patrones ocultos y agrupamientos sin etiquetas previas.,IA
Visión por Computadora,"Análisis de imágenes y videos para reconocer objetos, escenas o patrones visuales.",IA
Sobreajuste y Generalización,Problema que ocurre cuando el modelo memoriza demasiado y falla con datos nuevos.,IA
Transformers y LLMs,Arquitecturas que procesan texto con mecanismos de atención para tareas avanzadas.,IA
Fine-Tuning de Modelos,Ajuste de un modelo preentrenado para adaptarlo a un dominio específico.,IA
Embeddings Vectoriales,Representación numérica de palabras o conceptos para medir similitud semántica.,IA
IA Generativa,"Modelos capaces de producir texto, imágenes u otros contenidos a partir de contexto.",IA
RAG con Bases Vectoriales,Combinación de recuperación de información y generación para responder con fuentes externas.,IA
MLOps en Producción,"Gestión del ciclo de vida de modelos, monitoreo y despliegue en entornos reales.",IA
Clasificación de Texto,Asignación de categorías a documentos usando características extraídas del lenguaje.,IA
Optimización de Hiperparámetros,Búsqueda de configuraciones que mejoren el desempeño del modelo entrenado.,IA
Detección de Anomalías,"Identificación de comportamientos atípicos en datos, sensores o transacciones.",IA
IA Explicable,Interpretación de predicciones para entender por qué un modelo tomó una decisión.,IA
Agentes Autónomos,"Sistemas que planifican, ejecutan acciones y usan herramientas para cumplir objetivos.",IA
Ciencia de Datos,"Preparación, análisis y modelado de datos para extraer conocimiento útil.",IA
Introducción a Machine Learning,Aprendizaje de patrones a partir de datos históricos para hacer predicciones o clasificaciones.,IA
Redes Neuronales Artificiales,Modelos inspirados en neuronas que ajustan pesos para resolver tareas complejas.,IA
Procesamiento de Lenguaje Natural,"Técnicas para interpretar, clasificar y generar texto en lenguaje humano.",IA
Modelos Predictivos,Uso de datos previos para estimar resultados futuros con enfoque estadístico o de ML.,IA
Aprendizaje Supervisado,Entrenamiento con ejemplos etiquetados para aprender a mapear entradas y salidas.,IA
Aprendizaje No Supervisado,Búsqueda de patrones ocultos y agrupamientos sin etiquetas previas.,IA
Visión por Computadora,"Análisis de imágenes y videos para reconocer objetos, escenas o patrones visuales.",IA
Sobreajuste y Generalización,Problema que ocurre cuando el modelo memoriza demasiado y falla con datos nuevos.,IA
Transformers y LLMs,Arquitecturas que procesan texto con mecanismos de atención para tareas avanzadas.,IA
Fine-Tuning de Modelos,Ajuste de un modelo preentrenado para adaptarlo a un dominio específico.,IA
Embeddings Vectoriales,Representación numérica de palabras o conceptos para medir similitud semántica.,IA
IA Generativa,"Modelos capaces de producir texto, imágenes u otros contenidos a partir de contexto.",IA
RAG con Bases Vectoriales,Combinación de recuperación de información y generación para responder con fuentes externas.,IA
MLOps en Producción,"Gestión del ciclo de vida de modelos, monitoreo y despliegue en entornos reales.",IA
Clasificación de Texto,Asignación de categorías a documentos usando características extraídas del lenguaje.,IA
Optimización de Hiperparámetros,Búsqueda de configuraciones que mejoren el desempeño del modelo entrenado.,IA
Detección de Anomalías,"Identificación de comportamientos atípicos en datos, sensores o transacciones.",IA
IA Explicable,Interpretación de predicciones para entender por qué un modelo tomó una decisión.,IA
Agentes Autónomos,"Sistemas que planifican, ejecutan acciones y usan herramientas para cumplir objetivos.",IA
Ciencia de Datos,"Preparación, análisis y modelado de datos para extraer conocimiento útil.",IA
Introducción a Machine Learning,Aprendizaje de patrones a partir de datos históricos para hacer predicciones o clasificaciones.,IA
Redes Neuronales Artificiales,Modelos inspirados en neuronas que ajustan pesos para resolver tareas complejas.,IA
Procesamiento de Lenguaje Natural,"Técnicas para interpretar, clasificar y generar texto en lenguaje humano.",IA
Modelos Predictivos,Uso de datos previos para estimar resultados futuros con enfoque estadístico o de ML.,IA
Aprendizaje Supervisado,Entrenamiento con ejemplos etiquetados para aprender a mapear entradas y salidas.,IA
Aprendizaje No Supervisado,Búsqueda de patrones ocultos y agrupamientos sin etiquetas previas.,IA
Visión por Computadora,"Análisis de imágenes y videos para reconocer objetos, escenas o patrones visuales.",IA
Sobreajuste y Generalización,Problema que ocurre cuando el modelo memoriza demasiado y falla con datos nuevos.,IA
Transformers y LLMs,Arquitecturas que procesan texto con mecanismos de atención para tareas avanzadas.,IA
Fine-Tuning de Modelos,Ajuste de un modelo preentrenado para adaptarlo a un dominio específico.,IA
Embeddings Vectoriales,Representación numérica de palabras o conceptos para medir similitud semántica.,IA
IA Generativa,"Modelos capaces de producir texto, imágenes u otros contenidos a partir de contexto.",IA
RAG con Bases Vectoriales,Combinación de recuperación de información y generación para responder con fuentes externas.,IA
MLOps en Producción,"Gestión del ciclo de vida de modelos, monitoreo y despliegue en entornos reales.",IA
Clasificación de Texto,Asignación de categorías a documentos usando características extraídas del lenguaje.,IA
Optimización de Hiperparámetros,Búsqueda de configuraciones que mejoren el desempeño del modelo entrenado.,IA
Detección de Anomalías,"Identificación de comportamientos atípicos en datos, sensores o transacciones.",IA
IA Explicable,Interpretación de predicciones para entender por qué un modelo tomó una decisión.,IA
Agentes Autónomos,"Sistemas que planifican, ejecutan acciones y usan herramientas para cumplir objetivos.",IA
Ciencia de Datos,"Preparación, análisis y modelado de datos para extraer conocimiento útil.",IA
Introducción a Machine Learning,Aprendizaje de patrones a partir de datos históricos para hacer predicciones o clasificaciones.,IA
Redes Neuronales Artificiales,Modelos inspirados en neuronas que ajustan pesos para resolver tareas complejas.,IA
Procesamiento de Lenguaje Natural,"Técnicas para interpretar, clasificar y generar texto en lenguaje humano.",IA
Modelos Predictivos,Uso de datos previos para estimar resultados futuros con enfoque estadístico o de ML.,IA
Aprendizaje Supervisado,Entrenamiento con ejemplos etiquetados para aprender a mapear entradas y salidas.,IA
Aprendizaje No Supervisado,Búsqueda de patrones ocultos y agrupamientos sin etiquetas previas.,IA
Visión por Computadora,"Análisis de imágenes y videos para reconocer objetos, escenas o patrones visuales.",IA
Sobreajuste y Generalización,Problema que ocurre cuando el modelo memoriza demasiado y falla con datos nuevos.,IA
Transformers y LLMs,Arquitecturas que procesan texto con mecanismos de atención para tareas avanzadas.,IA
Fine-Tuning de Modelos,Ajuste de un modelo preentrenado para adaptarlo a un dominio específico.,IA
Embeddings Vectoriales,Representación numérica de palabras o conceptos para medir similitud semántica.,IA
IA Generativa,"Modelos capaces de producir texto, imágenes u otros contenidos a partir de contexto.",IA
RAG con Bases Vectoriales,Combinación de recuperación de información y generación para responder con fuentes externas.,IA
MLOps en Producción,"Gestión del ciclo de vida de modelos, monitoreo y despliegue en entornos reales.",IA
Clasificación de Texto,Asignación de categorías a documentos usando características extraídas del lenguaje.,IA
Optimización de Hiperparámetros,Búsqueda de configuraciones que mejoren el desempeño del modelo entrenado.,IA
Detección de Anomalías,"Identificación de comportamientos atípicos en datos, sensores o transacciones.",IA
IA Explicable,Interpretación de predicciones para entender por qué un modelo tomó una decisión.,IA
Agentes Autónomos,"Sistemas que planifican, ejecutan acciones y usan herramientas para cumplir objetivos.",IA
Ciencia de Datos,"Preparación, análisis y modelado de datos para extraer conocimiento útil.",IA
Fundamentos de Computación en la Nube,"Uso de recursos remotos de cómputo, red y almacenamiento bajo demanda.",Cloud
Arquitectura Serverless,Ejecución de funciones sin administrar servidores directamente y con escalado automático.,Cloud
Servicios de Almacenamiento Cloud,Persistencia de archivos y objetos en plataformas distribuidas con alta disponibilidad.,Cloud
Seguridad en la Nube,"Protección de identidades, accesos, redes y datos en entornos cloud.",Cloud
Infraestructura como Servicio,"Alquiler de cómputo, red y almacenamiento sin comprar hardware físico.",Cloud
Despliegue Escalable,Publicación de aplicaciones con capacidad de crecer según la demanda.,Cloud
Contenedores en la Nube,Ejecución de aplicaciones aisladas con Docker o Kubernetes en infraestructura remota.,Cloud
Gestión de Identidades IAM,"Control de permisos y privilegios para usuarios, servicios y recursos.",Cloud
Monitoreo y Observabilidad,"Uso de métricas, logs y alarmas para detectar incidentes y analizar rendimiento.",Cloud
Redes Virtuales Cloud,"Configuración de subredes, gateways y rutas para aislar recursos.",Cloud
Alta Disponibilidad,Diseño de sistemas con redundancia y tolerancia a fallos para evitar interrupciones.,Cloud
Balanceo de Carga,Distribución del tráfico entre múltiples instancias para mejorar estabilidad.,Cloud
Pipelines CI/CD,"Automatización de pruebas, integración y despliegue en entornos cloud.",Cloud
Terraform e Infraestructura como Código,Definición reproducible de recursos de nube mediante archivos declarativos.,Cloud
Bases de Datos Administradas,Uso de servicios gestionados para simplificar mantenimiento y escalabilidad.,Cloud
Kubernetes para Despliegue,Orquestación de contenedores con autoescalado y recuperación ante fallos.,Cloud
Optimización de Costos Cloud,Estrategias para reducir gasto sin comprometer disponibilidad ni seguridad.,Cloud
Backup y Recuperación en la Nube,Copias de seguridad y restauración para continuidad operativa.,Cloud
Arquitectura Multinube,Distribución de servicios entre proveedores para reducir dependencia y riesgo.,Cloud
Gobernanza Cloud,"Control de políticas, organización de recursos y cumplimiento dentro de la plataforma.",Cloud
Fundamentos de Computación en la Nube,"Uso de recursos remotos de cómputo, red y almacenamiento bajo demanda.",Cloud
Arquitectura Serverless,Ejecución de funciones sin administrar servidores directamente y con escalado automático.,Cloud
Servicios de Almacenamiento Cloud,Persistencia de archivos y objetos en plataformas distribuidas con alta disponibilidad.,Cloud
Seguridad en la Nube,"Protección de identidades, accesos, redes y datos en entornos cloud.",Cloud
Infraestructura como Servicio,"Alquiler de cómputo, red y almacenamiento sin comprar hardware físico.",Cloud
Despliegue Escalable,Publicación de aplicaciones con capacidad de crecer según la demanda.,Cloud
Contenedores en la Nube,Ejecución de aplicaciones aisladas con Docker o Kubernetes en infraestructura remota.,Cloud
Gestión de Identidades IAM,"Control de permisos y privilegios para usuarios, servicios y recursos.",Cloud
Monitoreo y Observabilidad,"Uso de métricas, logs y alarmas para detectar incidentes y analizar rendimiento.",Cloud
Redes Virtuales Cloud,"Configuración de subredes, gateways y rutas para aislar recursos.",Cloud
Alta Disponibilidad,Diseño de sistemas con redundancia y tolerancia a fallos para evitar interrupciones.,Cloud
Balanceo de Carga,Distribución del tráfico entre múltiples instancias para mejorar estabilidad.,Cloud
Pipelines CI/CD,"Automatización de pruebas, integración y despliegue en entornos cloud.",Cloud
Terraform e Infraestructura como Código,Definición reproducible de recursos de nube mediante archivos declarativos.,Cloud
Bases de Datos Administradas,Uso de servicios gestionados para simplificar mantenimiento y escalabilidad.,Cloud
Kubernetes para Despliegue,Orquestación de contenedores con autoescalado y recuperación ante fallos.,Cloud
Optimización de Costos Cloud,Estrategias para reducir gasto sin comprometer disponibilidad ni seguridad.,Cloud
Backup y Recuperación en la Nube,Copias de seguridad y restauración para continuidad operativa.,Cloud
Arquitectura Multinube,Distribución de servicios entre proveedores para reducir dependencia y riesgo.,Cloud
Gobernanza Cloud,"Control de políticas, organización de recursos y cumplimiento dentro de la plataforma.",Cloud
Fundamentos de Computación en la Nube,"Uso de recursos remotos de cómputo, red y almacenamiento bajo demanda.",Cloud
Arquitectura Serverless,Ejecución de funciones sin administrar servidores directamente y con escalado automático.,Cloud
Servicios de Almacenamiento Cloud,Persistencia de archivos y objetos en plataformas distribuidas con alta disponibilidad.,Cloud
Seguridad en la Nube,"Protección de identidades, accesos, redes y datos en entornos cloud.",Cloud
Infraestructura como Servicio,"Alquiler de cómputo, red y almacenamiento sin comprar hardware físico.",Cloud
Despliegue Escalable,Publicación de aplicaciones con capacidad de crecer según la demanda.,Cloud
Contenedores en la Nube,Ejecución de aplicaciones aisladas con Docker o Kubernetes en infraestructura remota.,Cloud
Gestión de Identidades IAM,"Control de permisos y privilegios para usuarios, servicios y recursos.",Cloud
Monitoreo y Observabilidad,"Uso de métricas, logs y alarmas para detectar incidentes y analizar rendimiento.",Cloud
Redes Virtuales Cloud,"Configuración de subredes, gateways y rutas para aislar recursos.",Cloud
Alta Disponibilidad,Diseño de sistemas con redundancia y tolerancia a fallos para evitar interrupciones.,Cloud
Balanceo de Carga,Distribución del tráfico entre múltiples instancias para mejorar estabilidad.,Cloud
Pipelines CI/CD,"Automatización de pruebas, integración y despliegue en entornos cloud.",Cloud
Terraform e Infraestructura como Código,Definición reproducible de recursos de nube mediante archivos declarativos.,Cloud
Bases de Datos Administradas,Uso de servicios gestionados para simplificar mantenimiento y escalabilidad.,Cloud
Kubernetes para Despliegue,Orquestación de contenedores con autoescalado y recuperación ante fallos.,Cloud
Optimización de Costos Cloud,Estrategias para reducir gasto sin comprometer disponibilidad ni seguridad.,Cloud
Backup y Recuperación en la Nube,Copias de seguridad y restauración para continuidad operativa.,Cloud
Arquitectura Multinube,Distribución de servicios entre proveedores para reducir dependencia y riesgo.,Cloud
Gobernanza Cloud,"Control de políticas, organización de recursos y cumplimiento dentro de la plataforma.",Cloud
Fundamentos de Computación en la Nube,"Uso de recursos remotos de cómputo, red y almacenamiento bajo demanda.",Cloud
Arquitectura Serverless,Ejecución de funciones sin administrar servidores directamente y con escalado automático.,Cloud
Servicios de Almacenamiento Cloud,Persistencia de archivos y objetos en plataformas distribuidas con alta disponibilidad.,Cloud
Seguridad en la Nube,"Protección de identidades, accesos, redes y datos en entornos cloud.",Cloud
Infraestructura como Servicio,"Alquiler de cómputo, red y almacenamiento sin comprar hardware físico.",Cloud
Despliegue Escalable,Publicación de aplicaciones con capacidad de crecer según la demanda.,Cloud
Contenedores en la Nube,Ejecución de aplicaciones aisladas con Docker o Kubernetes en infraestructura remota.,Cloud
Gestión de Identidades IAM,"Control de permisos y privilegios para usuarios, servicios y recursos.",Cloud
Monitoreo y Observabilidad,"Uso de métricas, logs y alarmas para detectar incidentes y analizar rendimiento.",Cloud
Redes Virtuales Cloud,"Configuración de subredes, gateways y rutas para aislar recursos.",Cloud
Alta Disponibilidad,Diseño de sistemas con redundancia y tolerancia a fallos para evitar interrupciones.,Cloud
Balanceo de Carga,Distribución del tráfico entre múltiples instancias para mejorar estabilidad.,Cloud
Pipelines CI/CD,"Automatización de pruebas, integración y despliegue en entornos cloud.",Cloud
Terraform e Infraestructura como Código,Definición reproducible de recursos de nube mediante archivos declarativos.,Cloud
Bases de Datos Administradas,Uso de servicios gestionados para simplificar mantenimiento y escalabilidad.,Cloud
Kubernetes para Despliegue,Orquestación de contenedores con autoescalado y recuperación ante fallos.,Cloud
Optimización de Costos Cloud,Estrategias para reducir gasto sin comprometer disponibilidad ni seguridad.,Cloud
Backup y Recuperación en la Nube,Copias de seguridad y restauración para continuidad operativa.,Cloud
Arquitectura Multinube,Distribución de servicios entre proveedores para reducir dependencia y riesgo.,Cloud
Gobernanza Cloud,"Control de políticas, organización de recursos y cumplimiento dentro de la plataforma.",Cloud
Fundamentos de Computación en la Nube,"Uso de recursos remotos de cómputo, red y almacenamiento bajo demanda.",Cloud
Arquitectura Serverless,Ejecución de funciones sin administrar servidores directamente y con escalado automático.,Cloud
Servicios de Almacenamiento Cloud,Persistencia de archivos y objetos en plataformas distribuidas con alta disponibilidad.,Cloud
Seguridad en la Nube,"Protección de identidades, accesos, redes y datos en entornos cloud.",Cloud
Infraestructura como Servicio,"Alquiler de cómputo, red y almacenamiento sin comprar hardware físico.",Cloud
Despliegue Escalable,Publicación de aplicaciones con capacidad de crecer según la demanda.,Cloud
Contenedores en la Nube,Ejecución de aplicaciones aisladas con Docker o Kubernetes en infraestructura remota.,Cloud
Gestión de Identidades IAM,"Control de permisos y privilegios para usuarios, servicios y recursos.",Cloud
Monitoreo y Observabilidad,"Uso de métricas, logs y alarmas para detectar incidentes y analizar rendimiento.",Cloud
Redes Virtuales Cloud,"Configuración de subredes, gateways y rutas para aislar recursos.",Cloud
Alta Disponibilidad,Diseño de sistemas con redundancia y tolerancia a fallos para evitar interrupciones.,Cloud
Balanceo de Carga,Distribución del tráfico entre múltiples instancias para mejorar estabilidad.,Cloud
Pipelines CI/CD,"Automatización de pruebas, integración y despliegue en entornos cloud.",Cloud
Terraform e Infraestructura como Código,Definición reproducible de recursos de nube mediante archivos declarativos.,Cloud
Bases de Datos Administradas,Uso de servicios gestionados para simplificar mantenimiento y escalabilidad.,Cloud
Kubernetes para Despliegue,Orquestación de contenedores con autoescalado y recuperación ante fallos.,Cloud
Optimización de Costos Cloud,Estrategias para reducir gasto sin comprometer disponibilidad ni seguridad.,Cloud
Backup y Recuperación en la Nube,Copias de seguridad y restauración para continuidad operativa.,Cloud
Arquitectura Multinube,Distribución de servicios entre proveedores para reducir dependencia y riesgo.,Cloud
Gobernanza Cloud,"Control de políticas, organización de recursos y cumplimiento dentro de la plataforma.",Cloud
Fundamentos de Computación en la Nube,"Uso de recursos remotos de cómputo, red y almacenamiento bajo demanda.",Cloud
Arquitectura Serverless,Ejecución de funciones sin administrar servidores directamente y con escalado automático.,Cloud
Servicios de Almacenamiento Cloud,Persistencia de archivos y objetos en plataformas distribuidas con alta disponibilidad.,Cloud
Seguridad en la Nube,"Protección de identidades, accesos, redes y datos en entornos cloud.",Cloud
Infraestructura como Servicio,"Alquiler de cómputo, red y almacenamiento sin comprar hardware físico.",Cloud
Despliegue Escalable,Publicación de aplicaciones con capacidad de crecer según la demanda.,Cloud
Contenedores en la Nube,Ejecución de aplicaciones aisladas con Docker o Kubernetes en infraestructura remota.,Cloud
Gestión de Identidades IAM,"Control de permisos y privilegios para usuarios, servicios y recursos.",Cloud
Monitoreo y Observabilidad,"Uso de métricas, logs y alarmas para detectar incidentes y analizar rendimiento.",Cloud
Redes Virtuales Cloud,"Configuración de subredes, gateways y rutas para aislar recursos.",Cloud
Alta Disponibilidad,Diseño de sistemas con redundancia y tolerancia a fallos para evitar interrupciones.,Cloud
Balanceo de Carga,Distribución del tráfico entre múltiples instancias para mejorar estabilidad.,Cloud
Pipelines CI/CD,"Automatización de pruebas, integración y despliegue en entornos cloud.",Cloud
Terraform e Infraestructura como Código,Definición reproducible de recursos de nube mediante archivos declarativos.,Cloud
Bases de Datos Administradas,Uso de servicios gestionados para simplificar mantenimiento y escalabilidad.,Cloud
Kubernetes para Despliegue,Orquestación de contenedores con autoescalado y recuperación ante fallos.,Cloud
Optimización de Costos Cloud,Estrategias para reducir gasto sin comprometer disponibilidad ni seguridad.,Cloud
Backup y Recuperación en la Nube,Copias de seguridad y restauración para continuidad operativa.,Cloud
Arquitectura Multinube,Distribución de servicios entre proveedores para reducir dependencia y riesgo.,Cloud
Gobernanza Cloud,"Control de políticas, organización de recursos y cumplimiento dentro de la plataforma.",Cloud
Fundamentos de Computación en la Nube,"Uso de recursos remotos de cómputo, red y almacenamiento bajo demanda.",Cloud
Arquitectura Serverless,Ejecución de funciones sin administrar servidores directamente y con escalado automático.,Cloud
Servicios de Almacenamiento Cloud,Persistencia de archivos y objetos en plataformas distribuidas con alta disponibilidad.,Cloud
Seguridad en la Nube,"Protección de identidades, accesos, redes y datos en entornos cloud.",Cloud
Infraestructura como Servicio,"Alquiler de cómputo, red y almacenamiento sin comprar hardware físico.",Cloud
Despliegue Escalable,Publicación de aplicaciones con capacidad de crecer según la demanda.,Cloud
Contenedores en la Nube,Ejecución de aplicaciones aisladas con Docker o Kubernetes en infraestructura remota.,Cloud
Gestión de Identidades IAM,"Control de permisos y privilegios para usuarios, servicios y recursos.",Cloud
Monitoreo y Observabilidad,"Uso de métricas, logs y alarmas para detectar incidentes y analizar rendimiento.",Cloud
Redes Virtuales Cloud,"Configuración de subredes, gateways y rutas para aislar recursos.",Cloud
Alta Disponibilidad,Diseño de sistemas con redundancia y tolerancia a fallos para evitar interrupciones.,Cloud
Balanceo de Carga,Distribución del tráfico entre múltiples instancias para mejorar estabilidad.,Cloud
Pipelines CI/CD,"Automatización de pruebas, integración y despliegue en entornos cloud.",Cloud
Terraform e Infraestructura como Código,Definición reproducible de recursos de nube mediante archivos declarativos.,Cloud
Bases de Datos Administradas,Uso de servicios gestionados para simplificar mantenimiento y escalabilidad.,Cloud
Kubernetes para Despliegue,Orquestación de contenedores con autoescalado y recuperación ante fallos.,Cloud
Optimización de Costos Cloud,Estrategias para reducir gasto sin comprometer disponibilidad ni seguridad.,Cloud
Backup y Recuperación en la Nube,Copias de seguridad y restauración para continuidad operativa.,Cloud
Arquitectura Multinube,Distribución de servicios entre proveedores para reducir dependencia y riesgo.,Cloud
Gobernanza Cloud,"Control de políticas, organización de recursos y cumplimiento dentro de la plataforma.",Cloud
Fundamentos de Computación en la Nube,"Uso de recursos remotos de cómputo, red y almacenamiento bajo demanda.",Cloud
Arquitectura Serverless,Ejecución de funciones sin administrar servidores directamente y con escalado automático.,Cloud
Servicios de Almacenamiento Cloud,Persistencia de archivos y objetos en plataformas distribuidas con alta disponibilidad.,Cloud
Seguridad en la Nube,"Protección de identidades, accesos, redes y datos en entornos cloud.",Cloud
Infraestructura como Servicio,"Alquiler de cómputo, red y almacenamiento sin comprar hardware físico.",Cloud
Despliegue Escalable,Publicación de aplicaciones con capacidad de crecer según la demanda.,Cloud
Contenedores en la Nube,Ejecución de aplicaciones aisladas con Docker o Kubernetes en infraestructura remota.,Cloud
Gestión de Identidades IAM,"Control de permisos y privilegios para usuarios, servicios y recursos.",Cloud
Monitoreo y Observabilidad,"Uso de métricas, logs y alarmas para detectar incidentes y analizar rendimiento.",Cloud
Redes Virtuales Cloud,"Configuración de subredes, gateways y rutas para aislar recursos.",Cloud
Alta Disponibilidad,Diseño de sistemas con redundancia y tolerancia a fallos para evitar interrupciones.,Cloud
Balanceo de Carga,Distribución del tráfico entre múltiples instancias para mejorar estabilidad.,Cloud
Pipelines CI/CD,"Automatización de pruebas, integración y despliegue en entornos cloud.",Cloud
Terraform e Infraestructura como Código,Definición reproducible de recursos de nube mediante archivos declarativos.,Cloud
Bases de Datos Administradas,Uso de servicios gestionados para simplificar mantenimiento y escalabilidad.,Cloud
Kubernetes para Despliegue,Orquestación de contenedores con autoescalado y recuperación ante fallos.,Cloud
Optimización de Costos Cloud,Estrategias para reducir gasto sin comprometer disponibilidad ni seguridad.,Cloud
Backup y Recuperación en la Nube,Copias de seguridad y restauración para continuidad operativa.,Cloud
Arquitectura Multinube,Distribución de servicios entre proveedores para reducir dependencia y riesgo.,Cloud
Gobernanza Cloud,"Control de políticas, organización de recursos y cumplimiento dentro de la plataforma.",Cloud
Fundamentos de Computación en la Nube,"Uso de recursos remotos de cómputo, red y almacenamiento bajo demanda.",Cloud
Arquitectura Serverless,Ejecución de funciones sin administrar servidores directamente y con escalado automático.,Cloud
Servicios de Almacenamiento Cloud,Persistencia de archivos y objetos en plataformas distribuidas con alta disponibilidad.,Cloud
Seguridad en la Nube,"Protección de identidades, accesos, redes y datos en entornos cloud.",Cloud
Infraestructura como Servicio,"Alquiler de cómputo, red y almacenamiento sin comprar hardware físico.",Cloud
Despliegue Escalable,Publicación de aplicaciones con capacidad de crecer según la demanda.,Cloud
Contenedores en la Nube,Ejecución de aplicaciones aisladas con Docker o Kubernetes en infraestructura remota.,Cloud
Gestión de Identidades IAM,"Control de permisos y privilegios para usuarios, servicios y recursos.",Cloud
Monitoreo y Observabilidad,"Uso de métricas, logs y alarmas para detectar incidentes y analizar rendimiento.",Cloud
Redes Virtuales Cloud,"Configuración de subredes, gateways y rutas para aislar recursos.",Cloud
Alta Disponibilidad,Diseño de sistemas con redundancia y tolerancia a fallos para evitar interrupciones.,Cloud
Balanceo de Carga,Distribución del tráfico entre múltiples instancias para mejorar estabilidad.,Cloud
Pipelines CI/CD,"Automatización de pruebas, integración y despliegue en entornos cloud.",Cloud
Terraform e Infraestructura como Código,Definición reproducible de recursos de nube mediante archivos declarativos.,Cloud
Bases de Datos Administradas,Uso de servicios gestionados para simplificar mantenimiento y escalabilidad.,Cloud
Kubernetes para Despliegue,Orquestación de contenedores con autoescalado y recuperación ante fallos.,Cloud
Optimización de Costos Cloud,Estrategias para reducir gasto sin comprometer disponibilidad ni seguridad.,Cloud
Backup y Recuperación en la Nube,Copias de seguridad y restauración para continuidad operativa.,Cloud
Arquitectura Multinube,Distribución de servicios entre proveedores para reducir dependencia y riesgo.,Cloud
Gobernanza Cloud,"Control de políticas, organización de recursos y cumplimiento dentro de la plataforma.",Cloud
Fundamentos de Computación en la Nube,"Uso de recursos remotos de cómputo, red y almacenamiento bajo demanda.",Cloud
Arquitectura Serverless,Ejecución de funciones sin administrar servidores directamente y con escalado automático.,Cloud
Servicios de Almacenamiento Cloud,Persistencia de archivos y objetos en plataformas distribuidas con alta disponibilidad.,Cloud
Seguridad en la Nube,"Protección de identidades, accesos, redes y datos en entornos cloud.",Cloud
Infraestructura como Servicio,"Alquiler de cómputo, red y almacenamiento sin comprar hardware físico.",Cloud
Despliegue Escalable,Publicación de aplicaciones con capacidad de crecer según la demanda.,Cloud
Contenedores en la Nube,Ejecución de aplicaciones aisladas con Docker o Kubernetes en infraestructura remota.,Cloud
Gestión de Identidades IAM,"Control de permisos y privilegios para usuarios, servicios y recursos.",Cloud
Monitoreo y Observabilidad,"Uso de métricas, logs y alarmas para detectar incidentes y analizar rendimiento.",Cloud
Redes Virtuales Cloud,"Configuración de subredes, gateways y rutas para aislar recursos.",Cloud
Alta Disponibilidad,Diseño de sistemas con redundancia y tolerancia a fallos para evitar interrupciones.,Cloud
Balanceo de Carga,Distribución del tráfico entre múltiples instancias para mejorar estabilidad.,Cloud
Pipelines CI/CD,"Automatización de pruebas, integración y despliegue en entornos cloud.",Cloud
Terraform e Infraestructura como Código,Definición reproducible de recursos de nube mediante archivos declarativos.,Cloud
Bases de Datos Administradas,Uso de servicios gestionados para simplificar mantenimiento y escalabilidad.,Cloud
Kubernetes para Despliegue,Orquestación de contenedores con autoescalado y recuperación ante fallos.,Cloud
Optimización de Costos Cloud,Estrategias para reducir gasto sin comprometer disponibilidad ni seguridad.,Cloud
Backup y Recuperación en la Nube,Copias de seguridad y restauración para continuidad operativa.,Cloud
Arquitectura Multinube,Distribución de servicios entre proveedores para reducir dependencia y riesgo.,Cloud
Gobernanza Cloud,"Control de políticas, organización de recursos y cumplimiento dentro de la plataforma.",Cloud
Arquitectura de APIs REST con Java,"Diseño de servicios backend con controladores, validación de datos, manejo de errores y respuestas HTTP consistentes.",Backend
Autenticación JWT en Node.js,"Implementación de login seguro con tokens JWT, middleware de autorización y sesiones stateless.",Backend
Microservicios con Spring Boot,"Construcción de microservicios desacoplados con descubrimiento de servicios, gateway y configuración centralizada.",Backend
Persistencia con PostgreSQL,"Uso de ORM, consultas eficientes, índices y relaciones para almacenar datos de forma confiable.",Backend
Caché con Redis para APIs,"Optimización del rendimiento backend mediante caché en memoria, reducción de latencia y rate limiting.",Backend
Procesamiento Asíncrono en el Servidor,"Ejecución de tareas en segundo plano usando colas, workers y comunicación entre servicios.",Backend
Diseño de Servicios con FastAPI,"Creación de endpoints rápidos con validación, dependencias, documentación automática y seguridad básica.",Backend
Arquitectura Hexagonal,"Separación entre dominio, infraestructura y adaptadores para mantener el backend mantenible.",Backend
Mensajería con RabbitMQ,Integración de productores y consumidores para desacoplar procesos críticos del sistema.,Backend
Buenas Prácticas de API,"Versionado, paginación, filtros, códigos de estado y manejo uniforme de errores en servicios web.",Backend
Seguridad en el Backend,"Protección de endpoints, autenticación, autorización y control de acceso basado en roles.",Backend
Pruebas Unitarias de Servicios,"Validación de lógica de negocio con tests automatizados, mocks y cobertura de casos críticos.",Backend
Arquitectura por Capas,"Organización del código en controladores, servicios y repositorios para facilitar mantenimiento.",Backend
Despliegue de Servicios,"Empaquetado de aplicaciones backend con dependencias, configuración y preparación para producción.",Backend
Optimización de Consultas SQL,"Mejora del rendimiento mediante índices, análisis de planes de ejecución y reducción de joins costosos.",Backend
Concurrencia en Node.js,Aprovechamiento del event loop para atender múltiples solicitudes sin bloquear el servidor.,Backend
Eventos de Dominio,Modelado de cambios importantes del negocio para desacoplar procesos internos y facilitar integración.,Backend
Controladores y Validación,"Recepción de peticiones, validación de payloads y respuesta con códigos HTTP correctos.",Backend
Servicios de Notificaciones,"Envío de correos, alertas y eventos desde procesos backend independientes.",Backend
Monitoreo de APIs,"Registro de logs, métricas y trazas para detectar errores y mejorar la observabilidad del servidor.",Backend
Arquitectura de APIs REST con Java,"Diseño de servicios backend con controladores, validación de datos, manejo de errores y respuestas HTTP consistentes.",Backend
Autenticación JWT en Node.js,"Implementación de login seguro con tokens JWT, middleware de autorización y sesiones stateless.",Backend
Microservicios con Spring Boot,"Construcción de microservicios desacoplados con descubrimiento de servicios, gateway y configuración centralizada.",Backend
Persistencia con PostgreSQL,"Uso de ORM, consultas eficientes, índices y relaciones para almacenar datos de forma confiable.",Backend
Caché con Redis para APIs,"Optimización del rendimiento backend mediante caché en memoria, reducción de latencia y rate limiting.",Backend
Procesamiento Asíncrono en el Servidor,"Ejecución de tareas en segundo plano usando colas, workers y comunicación entre servicios.",Backend
Diseño de Servicios con FastAPI,"Creación de endpoints rápidos con validación, dependencias, documentación automática y seguridad básica.",Backend
Arquitectura Hexagonal,"Separación entre dominio, infraestructura y adaptadores para mantener el backend mantenible.",Backend
Mensajería con RabbitMQ,Integración de productores y consumidores para desacoplar procesos críticos del sistema.,Backend
Buenas Prácticas de API,"Versionado, paginación, filtros, códigos de estado y manejo uniforme de errores en servicios web.",Backend
Seguridad en el Backend,"Protección de endpoints, autenticación, autorización y control de acceso basado en roles.",Backend
Pruebas Unitarias de Servicios,"Validación de lógica de negocio con tests automatizados, mocks y cobertura de casos críticos.",Backend
Arquitectura por Capas,"Organización del código en controladores, servicios y repositorios para facilitar mantenimiento.",Backend
Despliegue de Servicios,"Empaquetado de aplicaciones backend con dependencias, configuración y preparación para producción.",Backend
Optimización de Consultas SQL,"Mejora del rendimiento mediante índices, análisis de planes de ejecución y reducción de joins costosos.",Backend
Concurrencia en Node.js,Aprovechamiento del event loop para atender múltiples solicitudes sin bloquear el servidor.,Backend
Eventos de Dominio,Modelado de cambios importantes del negocio para desacoplar procesos internos y facilitar integración.,Backend
Controladores y Validación,"Recepción de peticiones, validación de payloads y respuesta con códigos HTTP correctos.",Backend
Servicios de Notificaciones,"Envío de correos, alertas y eventos desde procesos backend independientes.",Backend
Monitoreo de APIs,"Registro de logs, métricas y trazas para detectar errores y mejorar la observabilidad del servidor.",Backend
Arquitectura de APIs REST con Java,"Diseño de servicios backend con controladores, validación de datos, manejo de errores y respuestas HTTP consistentes.",Backend
Autenticación JWT en Node.js,"Implementación de login seguro con tokens JWT, middleware de autorización y sesiones stateless.",Backend
Microservicios con Spring Boot,"Construcción de microservicios desacoplados con descubrimiento de servicios, gateway y configuración centralizada.",Backend
Persistencia con PostgreSQL,"Uso de ORM, consultas eficientes, índices y relaciones para almacenar datos de forma confiable.",Backend
Caché con Redis para APIs,"Optimización del rendimiento backend mediante caché en memoria, reducción de latencia y rate limiting.",Backend
Procesamiento Asíncrono en el Servidor,"Ejecución de tareas en segundo plano usando colas, workers y comunicación entre servicios.",Backend
Diseño de Servicios con FastAPI,"Creación de endpoints rápidos con validación, dependencias, documentación automática y seguridad básica.",Backend
Arquitectura Hexagonal,"Separación entre dominio, infraestructura y adaptadores para mantener el backend mantenible.",Backend
Mensajería con RabbitMQ,Integración de productores y consumidores para desacoplar procesos críticos del sistema.,Backend
Buenas Prácticas de API,"Versionado, paginación, filtros, códigos de estado y manejo uniforme de errores en servicios web.",Backend
Seguridad en el Backend,"Protección de endpoints, autenticación, autorización y control de acceso basado en roles.",Backend
Pruebas Unitarias de Servicios,"Validación de lógica de negocio con tests automatizados, mocks y cobertura de casos críticos.",Backend
Arquitectura por Capas,"Organización del código en controladores, servicios y repositorios para facilitar mantenimiento.",Backend
Despliegue de Servicios,"Empaquetado de aplicaciones backend con dependencias, configuración y preparación para producción.",Backend
Optimización de Consultas SQL,"Mejora del rendimiento mediante índices, análisis de planes de ejecución y reducción de joins costosos.",Backend
Concurrencia en Node.js,Aprovechamiento del event loop para atender múltiples solicitudes sin bloquear el servidor.,Backend
Eventos de Dominio,Modelado de cambios importantes del negocio para desacoplar procesos internos y facilitar integración.,Backend
Controladores y Validación,"Recepción de peticiones, validación de payloads y respuesta con códigos HTTP correctos.",Backend
Servicios de Notificaciones,"Envío de correos, alertas y eventos desde procesos backend independientes.",Backend
Monitoreo de APIs,"Registro de logs, métricas y trazas para detectar errores y mejorar la observabilidad del servidor.",Backend
Arquitectura de APIs REST con Java,"Diseño de servicios backend con controladores, validación de datos, manejo de errores y respuestas HTTP consistentes.",Backend
Autenticación JWT en Node.js,"Implementación de login seguro con tokens JWT, middleware de autorización y sesiones stateless.",Backend
Microservicios con Spring Boot,"Construcción de microservicios desacoplados con descubrimiento de servicios, gateway y configuración centralizada.",Backend
Persistencia con PostgreSQL,"Uso de ORM, consultas eficientes, índices y relaciones para almacenar datos de forma confiable.",Backend
Caché con Redis para APIs,"Optimización del rendimiento backend mediante caché en memoria, reducción de latencia y rate limiting.",Backend
Procesamiento Asíncrono en el Servidor,"Ejecución de tareas en segundo plano usando colas, workers y comunicación entre servicios.",Backend
Diseño de Servicios con FastAPI,"Creación de endpoints rápidos con validación, dependencias, documentación automática y seguridad básica.",Backend
Arquitectura Hexagonal,"Separación entre dominio, infraestructura y adaptadores para mantener el backend mantenible.",Backend
Mensajería con RabbitMQ,Integración de productores y consumidores para desacoplar procesos críticos del sistema.,Backend
Buenas Prácticas de API,"Versionado, paginación, filtros, códigos de estado y manejo uniforme de errores en servicios web.",Backend
Seguridad en el Backend,"Protección de endpoints, autenticación, autorización y control de acceso basado en roles.",Backend
Pruebas Unitarias de Servicios,"Validación de lógica de negocio con tests automatizados, mocks y cobertura de casos críticos.",Backend
Arquitectura por Capas,"Organización del código en controladores, servicios y repositorios para facilitar mantenimiento.",Backend
Despliegue de Servicios,"Empaquetado de aplicaciones backend con dependencias, configuración y preparación para producción.",Backend
Optimización de Consultas SQL,"Mejora del rendimiento mediante índices, análisis de planes de ejecución y reducción de joins costosos.",Backend
Concurrencia en Node.js,Aprovechamiento del event loop para atender múltiples solicitudes sin bloquear el servidor.,Backend
Eventos de Dominio,Modelado de cambios importantes del negocio para desacoplar procesos internos y facilitar integración.,Backend
Controladores y Validación,"Recepción de peticiones, validación de payloads y respuesta con códigos HTTP correctos.",Backend
Servicios de Notificaciones,"Envío de correos, alertas y eventos desde procesos backend independientes.",Backend
Monitoreo de APIs,"Registro de logs, métricas y trazas para detectar errores y mejorar la observabilidad del servidor.",Backend
Arquitectura de APIs REST con Java,"Diseño de servicios backend con controladores, validación de datos, manejo de errores y respuestas HTTP consistentes.",Backend
Autenticación JWT en Node.js,"Implementación de login seguro con tokens JWT, middleware de autorización y sesiones stateless.",Backend
Microservicios con Spring Boot,"Construcción de microservicios desacoplados con descubrimiento de servicios, gateway y configuración centralizada.",Backend
Persistencia con PostgreSQL,"Uso de ORM, consultas eficientes, índices y relaciones para almacenar datos de forma confiable.",Backend
Caché con Redis para APIs,"Optimización del rendimiento backend mediante caché en memoria, reducción de latencia y rate limiting.",Backend
Procesamiento Asíncrono en el Servidor,"Ejecución de tareas en segundo plano usando colas, workers y comunicación entre servicios.",Backend
Diseño de Servicios con FastAPI,"Creación de endpoints rápidos con validación, dependencias, documentación automática y seguridad básica.",Backend
Arquitectura Hexagonal,"Separación entre dominio, infraestructura y adaptadores para mantener el backend mantenible.",Backend
Mensajería con RabbitMQ,Integración de productores y consumidores para desacoplar procesos críticos del sistema.,Backend
Buenas Prácticas de API,"Versionado, paginación, filtros, códigos de estado y manejo uniforme de errores en servicios web.",Backend
Seguridad en el Backend,"Protección de endpoints, autenticación, autorización y control de acceso basado en roles.",Backend
Pruebas Unitarias de Servicios,"Validación de lógica de negocio con tests automatizados, mocks y cobertura de casos críticos.",Backend
Arquitectura por Capas,"Organización del código en controladores, servicios y repositorios para facilitar mantenimiento.",Backend
Despliegue de Servicios,"Empaquetado de aplicaciones backend con dependencias, configuración y preparación para producción.",Backend
Optimización de Consultas SQL,"Mejora del rendimiento mediante índices, análisis de planes de ejecución y reducción de joins costosos.",Backend
Concurrencia en Node.js,Aprovechamiento del event loop para atender múltiples solicitudes sin bloquear el servidor.,Backend
Eventos de Dominio,Modelado de cambios importantes del negocio para desacoplar procesos internos y facilitar integración.,Backend
Controladores y Validación,"Recepción de peticiones, validación de payloads y respuesta con códigos HTTP correctos.",Backend
Servicios de Notificaciones,"Envío de correos, alertas y eventos desde procesos backend independientes.",Backend
Monitoreo de APIs,"Registro de logs, métricas y trazas para detectar errores y mejorar la observabilidad del servidor.",Backend
Arquitectura de APIs REST con Java,"Diseño de servicios backend con controladores, validación de datos, manejo de errores y respuestas HTTP consistentes.",Backend
Autenticación JWT en Node.js,"Implementación de login seguro con tokens JWT, middleware de autorización y sesiones stateless.",Backend
Microservicios con Spring Boot,"Construcción de microservicios desacoplados con descubrimiento de servicios, gateway y configuración centralizada.",Backend
Persistencia con PostgreSQL,"Uso de ORM, consultas eficientes, índices y relaciones para almacenar datos de forma confiable.",Backend
Caché con Redis para APIs,"Optimización del rendimiento backend mediante caché en memoria, reducción de latencia y rate limiting.",Backend
Procesamiento Asíncrono en el Servidor,"Ejecución de tareas en segundo plano usando colas, workers y comunicación entre servicios.",Backend
Diseño de Servicios con FastAPI,"Creación de endpoints rápidos con validación, dependencias, documentación automática y seguridad básica.",Backend
Arquitectura Hexagonal,"Separación entre dominio, infraestructura y adaptadores para mantener el backend mantenible.",Backend
Mensajería con RabbitMQ,Integración de productores y consumidores para desacoplar procesos críticos del sistema.,Backend
Buenas Prácticas de API,"Versionado, paginación, filtros, códigos de estado y manejo uniforme de errores en servicios web.",Backend
Seguridad en el Backend,"Protección de endpoints, autenticación, autorización y control de acceso basado en roles.",Backend
Pruebas Unitarias de Servicios,"Validación de lógica de negocio con tests automatizados, mocks y cobertura de casos críticos.",Backend
Arquitectura por Capas,"Organización del código en controladores, servicios y repositorios para facilitar mantenimiento.",Backend
Despliegue de Servicios,"Empaquetado de aplicaciones backend con dependencias, configuración y preparación para producción.",Backend
Optimización de Consultas SQL,"Mejora del rendimiento mediante índices, análisis de planes de ejecución y reducción de joins costosos.",Backend
Concurrencia en Node.js,Aprovechamiento del event loop para atender múltiples solicitudes sin bloquear el servidor.,Backend
Eventos de Dominio,Modelado de cambios importantes del negocio para desacoplar procesos internos y facilitar integración.,Backend
Controladores y Validación,"Recepción de peticiones, validación de payloads y respuesta con códigos HTTP correctos.",Backend
Servicios de Notificaciones,"Envío de correos, alertas y eventos desde procesos backend independientes.",Backend
Monitoreo de APIs,"Registro de logs, métricas y trazas para detectar errores y mejorar la observabilidad del servidor.",Backend
Arquitectura de APIs REST con Java,"Diseño de servicios backend con controladores, validación de datos, manejo de errores y respuestas HTTP consistentes.",Backend
Autenticación JWT en Node.js,"Implementación de login seguro con tokens JWT, middleware de autorización y sesiones stateless.",Backend
Microservicios con Spring Boot,"Construcción de microservicios desacoplados con descubrimiento de servicios, gateway y configuración centralizada.",Backend
Persistencia con PostgreSQL,"Uso de ORM, consultas eficientes, índices y relaciones para almacenar datos de forma confiable.",Backend
Caché con Redis para APIs,"Optimización del rendimiento backend mediante caché en memoria, reducción de latencia y rate limiting.",Backend
Procesamiento Asíncrono en el Servidor,"Ejecución de tareas en segundo plano usando colas, workers y comunicación entre servicios.",Backend
Diseño de Servicios con FastAPI,"Creación de endpoints rápidos con validación, dependencias, documentación automática y seguridad básica.",Backend
Arquitectura Hexagonal,"Separación entre dominio, infraestructura y adaptadores para mantener el backend mantenible.",Backend
Mensajería con RabbitMQ,Integración de productores y consumidores para desacoplar procesos críticos del sistema.,Backend
Buenas Prácticas de API,"Versionado, paginación, filtros, códigos de estado y manejo uniforme de errores en servicios web.",Backend
Seguridad en el Backend,"Protección de endpoints, autenticación, autorización y control de acceso basado en roles.",Backend
Pruebas Unitarias de Servicios,"Validación de lógica de negocio con tests automatizados, mocks y cobertura de casos críticos.",Backend
Arquitectura por Capas,"Organización del código en controladores, servicios y repositorios para facilitar mantenimiento.",Backend
Despliegue de Servicios,"Empaquetado de aplicaciones backend con dependencias, configuración y preparación para producción.",Backend
Optimización de Consultas SQL,"Mejora del rendimiento mediante índices, análisis de planes de ejecución y reducción de joins costosos.",Backend
Concurrencia en Node.js,Aprovechamiento del event loop para atender múltiples solicitudes sin bloquear el servidor.,Backend
Eventos de Dominio,Modelado de cambios importantes del negocio para desacoplar procesos internos y facilitar integración.,Backend
Controladores y Validación,"Recepción de peticiones, validación de payloads y respuesta con códigos HTTP correctos.",Backend
Servicios de Notificaciones,"Envío de correos, alertas y eventos desde procesos backend independientes.",Backend
Monitoreo de APIs,"Registro de logs, métricas y trazas para detectar errores y mejorar la observabilidad del servidor.",Backend
Arquitectura de APIs REST con Java,"Diseño de servicios backend con controladores, validación de datos, manejo de errores y respuestas HTTP consistentes.",Backend
Autenticación JWT en Node.js,"Implementación de login seguro con tokens JWT, middleware de autorización y sesiones stateless.",Backend
Microservicios con Spring Boot,"Construcción de microservicios desacoplados con descubrimiento de servicios, gateway y configuración centralizada.",Backend
Persistencia con PostgreSQL,"Uso de ORM, consultas eficientes, índices y relaciones para almacenar datos de forma confiable.",Backend
Caché con Redis para APIs,"Optimización del rendimiento backend mediante caché en memoria, reducción de latencia y rate limiting.",Backend
Procesamiento Asíncrono en el Servidor,"Ejecución de tareas en segundo plano usando colas, workers y comunicación entre servicios.",Backend
Diseño de Servicios con FastAPI,"Creación de endpoints rápidos con validación, dependencias, documentación automática y seguridad básica.",Backend
Arquitectura Hexagonal,"Separación entre dominio, infraestructura y adaptadores para mantener el backend mantenible.",Backend
Mensajería con RabbitMQ,Integración de productores y consumidores para desacoplar procesos críticos del sistema.,Backend
Buenas Prácticas de API,"Versionado, paginación, filtros, códigos de estado y manejo uniforme de errores en servicios web.",Backend
Seguridad en el Backend,"Protección de endpoints, autenticación, autorización y control de acceso basado en roles.",Backend
Pruebas Unitarias de Servicios,"Validación de lógica de negocio con tests automatizados, mocks y cobertura de casos críticos.",Backend
Arquitectura por Capas,"Organización del código en controladores, servicios y repositorios para facilitar mantenimiento.",Backend
Despliegue de Servicios,"Empaquetado de aplicaciones backend con dependencias, configuración y preparación para producción.",Backend
Optimización de Consultas SQL,"Mejora del rendimiento mediante índices, análisis de planes de ejecución y reducción de joins costosos.",Backend
Concurrencia en Node.js,Aprovechamiento del event loop para atender múltiples solicitudes sin bloquear el servidor.,Backend
Eventos de Dominio,Modelado de cambios importantes del negocio para desacoplar procesos internos y facilitar integración.,Backend
Controladores y Validación,"Recepción de peticiones, validación de payloads y respuesta con códigos HTTP correctos.",Backend
Servicios de Notificaciones,"Envío de correos, alertas y eventos desde procesos backend independientes.",Backend
Monitoreo de APIs,"Registro de logs, métricas y trazas para detectar errores y mejorar la observabilidad del servidor.",Backend
Arquitectura de APIs REST con Java,"Diseño de servicios backend con controladores, validación de datos, manejo de errores y respuestas HTTP consistentes.",Backend
Autenticación JWT en Node.js,"Implementación de login seguro con tokens JWT, middleware de autorización y sesiones stateless.",Backend
Microservicios con Spring Boot,"Construcción de microservicios desacoplados con descubrimiento de servicios, gateway y configuración centralizada.",Backend
Persistencia con PostgreSQL,"Uso de ORM, consultas eficientes, índices y relaciones para almacenar datos de forma confiable.",Backend
Caché con Redis para APIs,"Optimización del rendimiento backend mediante caché en memoria, reducción de latencia y rate limiting.",Backend
Procesamiento Asíncrono en el Servidor,"Ejecución de tareas en segundo plano usando colas, workers y comunicación entre servicios.",Backend
Diseño de Servicios con FastAPI,"Creación de endpoints rápidos con validación, dependencias, documentación automática y seguridad básica.",Backend
Arquitectura Hexagonal,"Separación entre dominio, infraestructura y adaptadores para mantener el backend mantenible.",Backend
Mensajería con RabbitMQ,Integración de productores y consumidores para desacoplar procesos críticos del sistema.,Backend
Buenas Prácticas de API,"Versionado, paginación, filtros, códigos de estado y manejo uniforme de errores en servicios web.",Backend
Seguridad en el Backend,"Protección de endpoints, autenticación, autorización y control de acceso basado en roles.",Backend
Pruebas Unitarias de Servicios,"Validación de lógica de negocio con tests automatizados, mocks y cobertura de casos críticos.",Backend
Arquitectura por Capas,"Organización del código en controladores, servicios y repositorios para facilitar mantenimiento.",Backend
Despliegue de Servicios,"Empaquetado de aplicaciones backend con dependencias, configuración y preparación para producción.",Backend
Optimización de Consultas SQL,"Mejora del rendimiento mediante índices, análisis de planes de ejecución y reducción de joins costosos.",Backend
Concurrencia en Node.js,Aprovechamiento del event loop para atender múltiples solicitudes sin bloquear el servidor.,Backend
Eventos de Dominio,Modelado de cambios importantes del negocio para desacoplar procesos internos y facilitar integración.,Backend
Controladores y Validación,"Recepción de peticiones, validación de payloads y respuesta con códigos HTTP correctos.",Backend
Servicios de Notificaciones,"Envío de correos, alertas y eventos desde procesos backend independientes.",Backend
Monitoreo de APIs,"Registro de logs, métricas y trazas para detectar errores y mejorar la observabilidad del servidor.",Backend
Arquitectura de APIs REST con Java,"Diseño de servicios backend con controladores, validación de datos, manejo de errores y respuestas HTTP consistentes.",Backend
Autenticación JWT en Node.js,"Implementación de login seguro con tokens JWT, middleware de autorización y sesiones stateless.",Backend
Microservicios con Spring Boot,"Construcción de microservicios desacoplados con descubrimiento de servicios, gateway y configuración centralizada.",Backend
Persistencia con PostgreSQL,"Uso de ORM, consultas eficientes, índices y relaciones para almacenar datos de forma confiable.",Backend
Caché con Redis para APIs,"Optimización del rendimiento backend mediante caché en memoria, reducción de latencia y rate limiting.",Backend
Procesamiento Asíncrono en el Servidor,"Ejecución de tareas en segundo plano usando colas, workers y comunicación entre servicios.",Backend
Diseño de Servicios con FastAPI,"Creación de endpoints rápidos con validación, dependencias, documentación automática y seguridad básica.",Backend
Arquitectura Hexagonal,"Separación entre dominio, infraestructura y adaptadores para mantener el backend mantenible.",Backend
Mensajería con RabbitMQ,Integración de productores y consumidores para desacoplar procesos críticos del sistema.,Backend
Buenas Prácticas de API,"Versionado, paginación, filtros, códigos de estado y manejo uniforme de errores en servicios web.",Backend
Seguridad en el Backend,"Protección de endpoints, autenticación, autorización y control de acceso basado en roles.",Backend
Pruebas Unitarias de Servicios,"Validación de lógica de negocio con tests automatizados, mocks y cobertura de casos críticos.",Backend
Arquitectura por Capas,"Organización del código en controladores, servicios y repositorios para facilitar mantenimiento.",Backend
Despliegue de Servicios,"Empaquetado de aplicaciones backend con dependencias, configuración y preparación para producción.",Backend
Optimización de Consultas SQL,"Mejora del rendimiento mediante índices, análisis de planes de ejecución y reducción de joins costosos.",Backend
Concurrencia en Node.js,Aprovechamiento del event loop para atender múltiples solicitudes sin bloquear el servidor.,Backend
Eventos de Dominio,Modelado de cambios importantes del negocio para desacoplar procesos internos y facilitar integración.,Backend
Controladores y Validación,"Recepción de peticiones, validación de payloads y respuesta con códigos HTTP correctos.",Backend
Servicios de Notificaciones,"Envío de correos, alertas y eventos desde procesos backend independientes.",Backend
Monitoreo de APIs,"Registro de logs, métricas y trazas para detectar errores y mejorar la observabilidad del servidor.",Backend
Componentes Reutilizables en React,"Construcción de interfaces modulares con componentes, props y estado local para mejorar el mantenimiento.",Frontend
Maquetación con HTML y CSS,"Estructuración visual de páginas con etiquetas semánticas, estilos y organización responsiva.",Frontend
Layouts con Flexbox,Alineación y distribución de elementos en contenedores flexibles para distintas pantallas.,Frontend
Diseños con CSS Grid,Creación de cuadrículas complejas para organizar contenido en filas y columnas.,Frontend
Estado en React,Gestión de datos dinámicos que actualizan la interfaz cuando el usuario interactúa.,Frontend
Consumo de APIs desde el Cliente,"Uso de Fetch o Axios para obtener datos, manejar errores y actualizar vistas de forma dinámica.",Frontend
Accesibilidad Web,"Aplicación de roles ARIA, navegación por teclado y etiquetas semánticas para mejorar inclusión.",Frontend
Rendimiento en Frontend,"Optimización de carga con code splitting, lazy loading y reducción del tamaño de los bundles.",Frontend
Formularios Interactivos,Captura y validación de datos del usuario con retroalimentación clara en la interfaz.,Frontend
Routing en SPAs,Navegación entre vistas usando rutas dinámicas sin recargar completamente la página.,Frontend
Componentización en Vue,Separación de la UI en piezas reutilizables con comunicación clara entre componentes.,Frontend
Animaciones CSS,Uso de transiciones y transformaciones para crear experiencias visuales fluidas.,Frontend
Testing de Interfaces,Validación de componentes y flujos de usuario con pruebas automatizadas.,Frontend
Responsive Design,"Adaptación del diseño a móviles, tabletas y pantallas grandes usando media queries.",Frontend
Gestión de Estado Global,Sincronización de datos compartidos entre múltiples vistas o componentes.,Frontend
SSR y SSG,Renderizado del lado del servidor o generación estática para mejorar SEO y velocidad inicial.,Frontend
TypeScript en el Frontend,Tipado estático para detectar errores temprano y mejorar la calidad del código.,Frontend
Hooks Personalizados,Extracción de lógica reutilizable para simplificar componentes y mantener consistencia.,Frontend
UI con Tailwind,Construcción rápida de interfaces con utilidades CSS y composición de estilos.,Frontend
Experiencia de Usuario,"Diseño de pantallas claras, consistentes y fáciles de usar para el usuario final.",Frontend
Componentes Reutilizables en React,"Construcción de interfaces modulares con componentes, props y estado local para mejorar el mantenimiento.",Frontend
Maquetación con HTML y CSS,"Estructuración visual de páginas con etiquetas semánticas, estilos y organización responsiva.",Frontend
Layouts con Flexbox,Alineación y distribución de elementos en contenedores flexibles para distintas pantallas.,Frontend
Diseños con CSS Grid,Creación de cuadrículas complejas para organizar contenido en filas y columnas.,Frontend
Estado en React,Gestión de datos dinámicos que actualizan la interfaz cuando el usuario interactúa.,Frontend
Consumo de APIs desde el Cliente,"Uso de Fetch o Axios para obtener datos, manejar errores y actualizar vistas de forma dinámica.",Frontend
Accesibilidad Web,"Aplicación de roles ARIA, navegación por teclado y etiquetas semánticas para mejorar inclusión.",Frontend
Rendimiento en Frontend,"Optimización de carga con code splitting, lazy loading y reducción del tamaño de los bundles.",Frontend
Formularios Interactivos,Captura y validación de datos del usuario con retroalimentación clara en la interfaz.,Frontend
Routing en SPAs,Navegación entre vistas usando rutas dinámicas sin recargar completamente la página.,Frontend
Componentización en Vue,Separación de la UI en piezas reutilizables con comunicación clara entre componentes.,Frontend
Animaciones CSS,Uso de transiciones y transformaciones para crear experiencias visuales fluidas.,Frontend
Testing de Interfaces,Validación de componentes y flujos de usuario con pruebas automatizadas.,Frontend
Responsive Design,"Adaptación del diseño a móviles, tabletas y pantallas grandes usando media queries.",Frontend
Gestión de Estado Global,Sincronización de datos compartidos entre múltiples vistas o componentes.,Frontend
SSR y SSG,Renderizado del lado del servidor o generación estática para mejorar SEO y velocidad inicial.,Frontend
TypeScript en el Frontend,Tipado estático para detectar errores temprano y mejorar la calidad del código.,Frontend
Hooks Personalizados,Extracción de lógica reutilizable para simplificar componentes y mantener consistencia.,Frontend
UI con Tailwind,Construcción rápida de interfaces con utilidades CSS y composición de estilos.,Frontend
Experiencia de Usuario,"Diseño de pantallas claras, consistentes y fáciles de usar para el usuario final.",Frontend
Componentes Reutilizables en React,"Construcción de interfaces modulares con componentes, props y estado local para mejorar el mantenimiento.",Frontend
Maquetación con HTML y CSS,"Estructuración visual de páginas con etiquetas semánticas, estilos y organización responsiva.",Frontend
Layouts con Flexbox,Alineación y distribución de elementos en contenedores flexibles para distintas pantallas.,Frontend
Diseños con CSS Grid,Creación de cuadrículas complejas para organizar contenido en filas y columnas.,Frontend
Estado en React,Gestión de datos dinámicos que actualizan la interfaz cuando el usuario interactúa.,Frontend
Consumo de APIs desde el Cliente,"Uso de Fetch o Axios para obtener datos, manejar errores y actualizar vistas de forma dinámica.",Frontend
Accesibilidad Web,"Aplicación de roles ARIA, navegación por teclado y etiquetas semánticas para mejorar inclusión.",Frontend
Rendimiento en Frontend,"Optimización de carga con code splitting, lazy loading y reducción del tamaño de los bundles.",Frontend
Formularios Interactivos,Captura y validación de datos del usuario con retroalimentación clara en la interfaz.,Frontend
Routing en SPAs,Navegación entre vistas usando rutas dinámicas sin recargar completamente la página.,Frontend
Componentización en Vue,Separación de la UI en piezas reutilizables con comunicación clara entre componentes.,Frontend
Animaciones CSS,Uso de transiciones y transformaciones para crear experiencias visuales fluidas.,Frontend
Testing de Interfaces,Validación de componentes y flujos de usuario con pruebas automatizadas.,Frontend
Responsive Design,"Adaptación del diseño a móviles, tabletas y pantallas grandes usando media queries.",Frontend
Gestión de Estado Global,Sincronización de datos compartidos entre múltiples vistas o componentes.,Frontend
SSR y SSG,Renderizado del lado del servidor o generación estática para mejorar SEO y velocidad inicial.,Frontend
TypeScript en el Frontend,Tipado estático para detectar errores temprano y mejorar la calidad del código.,Frontend
Hooks Personalizados,Extracción de lógica reutilizable para simplificar componentes y mantener consistencia.,Frontend
UI con Tailwind,Construcción rápida de interfaces con utilidades CSS y composición de estilos.,Frontend
Experiencia de Usuario,"Diseño de pantallas claras, consistentes y fáciles de usar para el usuario final.",Frontend
Componentes Reutilizables en React,"Construcción de interfaces modulares con componentes, props y estado local para mejorar el mantenimiento.",Frontend
Maquetación con HTML y CSS,"Estructuración visual de páginas con etiquetas semánticas, estilos y organización responsiva.",Frontend
Layouts con Flexbox,Alineación y distribución de elementos en contenedores flexibles para distintas pantallas.,Frontend
Diseños con CSS Grid,Creación de cuadrículas complejas para organizar contenido en filas y columnas.,Frontend
Estado en React,Gestión de datos dinámicos que actualizan la interfaz cuando el usuario interactúa.,Frontend
Consumo de APIs desde el Cliente,"Uso de Fetch o Axios para obtener datos, manejar errores y actualizar vistas de forma dinámica.",Frontend
Accesibilidad Web,"Aplicación de roles ARIA, navegación por teclado y etiquetas semánticas para mejorar inclusión.",Frontend
Rendimiento en Frontend,"Optimización de carga con code splitting, lazy loading y reducción del tamaño de los bundles.",Frontend
Formularios Interactivos,Captura y validación de datos del usuario con retroalimentación clara en la interfaz.,Frontend
Routing en SPAs,Navegación entre vistas usando rutas dinámicas sin recargar completamente la página.,Frontend
Componentización en Vue,Separación de la UI en piezas reutilizables con comunicación clara entre componentes.,Frontend
Animaciones CSS,Uso de transiciones y transformaciones para crear experiencias visuales fluidas.,Frontend
Testing de Interfaces,Validación de componentes y flujos de usuario con pruebas automatizadas.,Frontend
Responsive Design,"Adaptación del diseño a móviles, tabletas y pantallas grandes usando media queries.",Frontend
Gestión de Estado Global,Sincronización de datos compartidos entre múltiples vistas o componentes.,Frontend
SSR y SSG,Renderizado del lado del servidor o generación estática para mejorar SEO y velocidad inicial.,Frontend
TypeScript en el Frontend,Tipado estático para detectar errores temprano y mejorar la calidad del código.,Frontend
Hooks Personalizados,Extracción de lógica reutilizable para simplificar componentes y mantener consistencia.,Frontend
UI con Tailwind,Construcción rápida de interfaces con utilidades CSS y composición de estilos.,Frontend
Experiencia de Usuario,"Diseño de pantallas claras, consistentes y fáciles de usar para el usuario final.",Frontend
Componentes Reutilizables en React,"Construcción de interfaces modulares con componentes, props y estado local para mejorar el mantenimiento.",Frontend
Maquetación con HTML y CSS,"Estructuración visual de páginas con etiquetas semánticas, estilos y organización responsiva.",Frontend
Layouts con Flexbox,Alineación y distribución de elementos en contenedores flexibles para distintas pantallas.,Frontend
Diseños con CSS Grid,Creación de cuadrículas complejas para organizar contenido en filas y columnas.,Frontend
Estado en React,Gestión de datos dinámicos que actualizan la interfaz cuando el usuario interactúa.,Frontend
Consumo de APIs desde el Cliente,"Uso de Fetch o Axios para obtener datos, manejar errores y actualizar vistas de forma dinámica.",Frontend
Accesibilidad Web,"Aplicación de roles ARIA, navegación por teclado y etiquetas semánticas para mejorar inclusión.",Frontend
Rendimiento en Frontend,"Optimización de carga con code splitting, lazy loading y reducción del tamaño de los bundles.",Frontend
Formularios Interactivos,Captura y validación de datos del usuario con retroalimentación clara en la interfaz.,Frontend
Routing en SPAs,Navegación entre vistas usando rutas dinámicas sin recargar completamente la página.,Frontend
Componentización en Vue,Separación de la UI en piezas reutilizables con comunicación clara entre componentes.,Frontend
Animaciones CSS,Uso de transiciones y transformaciones para crear experiencias visuales fluidas.,Frontend
Testing de Interfaces,Validación de componentes y flujos de usuario con pruebas automatizadas.,Frontend
Responsive Design,"Adaptación del diseño a móviles, tabletas y pantallas grandes usando media queries.",Frontend
Gestión de Estado Global,Sincronización de datos compartidos entre múltiples vistas o componentes.,Frontend
SSR y SSG,Renderizado del lado del servidor o generación estática para mejorar SEO y velocidad inicial.,Frontend
TypeScript en el Frontend,Tipado estático para detectar errores temprano y mejorar la calidad del código.,Frontend
Hooks Personalizados,Extracción de lógica reutilizable para simplificar componentes y mantener consistencia.,Frontend
UI con Tailwind,Construcción rápida de interfaces con utilidades CSS y composición de estilos.,Frontend
Experiencia de Usuario,"Diseño de pantallas claras, consistentes y fáciles de usar para el usuario final.",Frontend
Componentes Reutilizables en React,"Construcción de interfaces modulares con componentes, props y estado local para mejorar el mantenimiento.",Frontend
Maquetación con HTML y CSS,"Estructuración visual de páginas con etiquetas semánticas, estilos y organización responsiva.",Frontend
Layouts con Flexbox,Alineación y distribución de elementos en contenedores flexibles para distintas pantallas.,Frontend
Diseños con CSS Grid,Creación de cuadrículas complejas para organizar contenido en filas y columnas.,Frontend
Estado en React,Gestión de datos dinámicos que actualizan la interfaz cuando el usuario interactúa.,Frontend
Consumo de APIs desde el Cliente,"Uso de Fetch o Axios para obtener datos, manejar errores y actualizar vistas de forma dinámica.",Frontend
Accesibilidad Web,"Aplicación de roles ARIA, navegación por teclado y etiquetas semánticas para mejorar inclusión.",Frontend
Rendimiento en Frontend,"Optimización de carga con code splitting, lazy loading y reducción del tamaño de los bundles.",Frontend
Formularios Interactivos,Captura y validación de datos del usuario con retroalimentación clara en la interfaz.,Frontend
Routing en SPAs,Navegación entre vistas usando rutas dinámicas sin recargar completamente la página.,Frontend
Componentización en Vue,Separación de la UI en piezas reutilizables con comunicación clara entre componentes.,Frontend
Animaciones CSS,Uso de transiciones y transformaciones para crear experiencias visuales fluidas.,Frontend
Testing de Interfaces,Validación de componentes y flujos de usuario con pruebas automatizadas.,Frontend
Responsive Design,"Adaptación del diseño a móviles, tabletas y pantallas grandes usando media queries.",Frontend
Gestión de Estado Global,Sincronización de datos compartidos entre múltiples vistas o componentes.,Frontend
SSR y SSG,Renderizado del lado del servidor o generación estática para mejorar SEO y velocidad inicial.,Frontend
TypeScript en el Frontend,Tipado estático para detectar errores temprano y mejorar la calidad del código.,Frontend
Hooks Personalizados,Extracción de lógica reutilizable para simplificar componentes y mantener consistencia.,Frontend
UI con Tailwind,Construcción rápida de interfaces con utilidades CSS y composición de estilos.,Frontend
Experiencia de Usuario,"Diseño de pantallas claras, consistentes y fáciles de usar para el usuario final.",Frontend
Componentes Reutilizables en React,"Construcción de interfaces modulares con componentes, props y estado local para mejorar el mantenimiento.",Frontend
Maquetación con HTML y CSS,"Estructuración visual de páginas con etiquetas semánticas, estilos y organización responsiva.",Frontend
Layouts con Flexbox,Alineación y distribución de elementos en contenedores flexibles para distintas pantallas.,Frontend
Diseños con CSS Grid,Creación de cuadrículas complejas para organizar contenido en filas y columnas.,Frontend
Estado en React,Gestión de datos dinámicos que actualizan la interfaz cuando el usuario interactúa.,Frontend
Consumo de APIs desde el Cliente,"Uso de Fetch o Axios para obtener datos, manejar errores y actualizar vistas de forma dinámica.",Frontend
Accesibilidad Web,"Aplicación de roles ARIA, navegación por teclado y etiquetas semánticas para mejorar inclusión.",Frontend
Rendimiento en Frontend,"Optimización de carga con code splitting, lazy loading y reducción del tamaño de los bundles.",Frontend
Formularios Interactivos,Captura y validación de datos del usuario con retroalimentación clara en la interfaz.,Frontend
Routing en SPAs,Navegación entre vistas usando rutas dinámicas sin recargar completamente la página.,Frontend
Componentización en Vue,Separación de la UI en piezas reutilizables con comunicación clara entre componentes.,Frontend
Animaciones CSS,Uso de transiciones y transformaciones para crear experiencias visuales fluidas.,Frontend
Testing de Interfaces,Validación de componentes y flujos de usuario con pruebas automatizadas.,Frontend
Responsive Design,"Adaptación del diseño a móviles, tabletas y pantallas grandes usando media queries.",Frontend
Gestión de Estado Global,Sincronización de datos compartidos entre múltiples vistas o componentes.,Frontend
SSR y SSG,Renderizado del lado del servidor o generación estática para mejorar SEO y velocidad inicial.,Frontend
TypeScript en el Frontend,Tipado estático para detectar errores temprano y mejorar la calidad del código.,Frontend
Hooks Personalizados,Extracción de lógica reutilizable para simplificar componentes y mantener consistencia.,Frontend
UI con Tailwind,Construcción rápida de interfaces con utilidades CSS y composición de estilos.,Frontend
Experiencia de Usuario,"Diseño de pantallas claras, consistentes y fáciles de usar para el usuario final.",Frontend
Componentes Reutilizables en React,"Construcción de interfaces modulares con componentes, props y estado local para mejorar el mantenimiento.",Frontend
Maquetación con HTML y CSS,"Estructuración visual de páginas con etiquetas semánticas, estilos y organización responsiva.",Frontend
Layouts con Flexbox,Alineación y distribución de elementos en contenedores flexibles para distintas pantallas.,Frontend
Diseños con CSS Grid,Creación de cuadrículas complejas para organizar contenido en filas y columnas.,Frontend
Estado en React,Gestión de datos dinámicos que actualizan la interfaz cuando el usuario interactúa.,Frontend
Consumo de APIs desde el Cliente,"Uso de Fetch o Axios para obtener datos, manejar errores y actualizar vistas de forma dinámica.",Frontend
Accesibilidad Web,"Aplicación de roles ARIA, navegación por teclado y etiquetas semánticas para mejorar inclusión.",Frontend
Rendimiento en Frontend,"Optimización de carga con code splitting, lazy loading y reducción del tamaño de los bundles.",Frontend
Formularios Interactivos,Captura y validación de datos del usuario con retroalimentación clara en la interfaz.,Frontend
Routing en SPAs,Navegación entre vistas usando rutas dinámicas sin recargar completamente la página.,Frontend
Componentización en Vue,Separación de la UI en piezas reutilizables con comunicación clara entre componentes.,Frontend
Animaciones CSS,Uso de transiciones y transformaciones para crear experiencias visuales fluidas.,Frontend
Testing de Interfaces,Validación de componentes y flujos de usuario con pruebas automatizadas.,Frontend
Responsive Design,"Adaptación del diseño a móviles, tabletas y pantallas grandes usando media queries.",Frontend
Gestión de Estado Global,Sincronización de datos compartidos entre múltiples vistas o componentes.,Frontend
SSR y SSG,Renderizado del lado del servidor o generación estática para mejorar SEO y velocidad inicial.,Frontend
TypeScript en el Frontend,Tipado estático para detectar errores temprano y mejorar la calidad del código.,Frontend
Hooks Personalizados,Extracción de lógica reutilizable para simplificar componentes y mantener consistencia.,Frontend
UI con Tailwind,Construcción rápida de interfaces con utilidades CSS y composición de estilos.,Frontend
Experiencia de Usuario,"Diseño de pantallas claras, consistentes y fáciles de usar para el usuario final.",Frontend
Componentes Reutilizables en React,"Construcción de interfaces modulares con componentes, props y estado local para mejorar el mantenimiento.",Frontend
Maquetación con HTML y CSS,"Estructuración visual de páginas con etiquetas semánticas, estilos y organización responsiva.",Frontend
Layouts con Flexbox,Alineación y distribución de elementos en contenedores flexibles para distintas pantallas.,Frontend
Diseños con CSS Grid,Creación de cuadrículas complejas para organizar contenido en filas y columnas.,Frontend
Estado en React,Gestión de datos dinámicos que actualizan la interfaz cuando el usuario interactúa.,Frontend
Consumo de APIs desde el Cliente,"Uso de Fetch o Axios para obtener datos, manejar errores y actualizar vistas de forma dinámica.",Frontend
Accesibilidad Web,"Aplicación de roles ARIA, navegación por teclado y etiquetas semánticas para mejorar inclusión.",Frontend
Rendimiento en Frontend,"Optimización de carga con code splitting, lazy loading y reducción del tamaño de los bundles.",Frontend
Formularios Interactivos,Captura y validación de datos del usuario con retroalimentación clara en la interfaz.,Frontend
Routing en SPAs,Navegación entre vistas usando rutas dinámicas sin recargar completamente la página.,Frontend
Componentización en Vue,Separación de la UI en piezas reutilizables con comunicación clara entre componentes.,Frontend
Animaciones CSS,Uso de transiciones y transformaciones para crear experiencias visuales fluidas.,Frontend
Testing de Interfaces,Validación de componentes y flujos de usuario con pruebas automatizadas.,Frontend
Responsive Design,"Adaptación del diseño a móviles, tabletas y pantallas grandes usando media queries.",Frontend
Gestión de Estado Global,Sincronización de datos compartidos entre múltiples vistas o componentes.,Frontend
SSR y SSG,Renderizado del lado del servidor o generación estática para mejorar SEO y velocidad inicial.,Frontend
TypeScript en el Frontend,Tipado estático para detectar errores temprano y mejorar la calidad del código.,Frontend
Hooks Personalizados,Extracción de lógica reutilizable para simplificar componentes y mantener consistencia.,Frontend
UI con Tailwind,Construcción rápida de interfaces con utilidades CSS y composición de estilos.,Frontend
Experiencia de Usuario,"Diseño de pantallas claras, consistentes y fáciles de usar para el usuario final.",Frontend
Componentes Reutilizables en React,"Construcción de interfaces modulares con componentes, props y estado local para mejorar el mantenimiento.",Frontend
Maquetación con HTML y CSS,"Estructuración visual de páginas con etiquetas semánticas, estilos y organización responsiva.",Frontend
Layouts con Flexbox,Alineación y distribución de elementos en contenedores flexibles para distintas pantallas.,Frontend
Diseños con CSS Grid,Creación de cuadrículas complejas para organizar contenido en filas y columnas.,Frontend
Estado en React,Gestión de datos dinámicos que actualizan la interfaz cuando el usuario interactúa.,Frontend
Consumo de APIs desde el Cliente,"Uso de Fetch o Axios para obtener datos, manejar errores y actualizar vistas de forma dinámica.",Frontend
Accesibilidad Web,"Aplicación de roles ARIA, navegación por teclado y etiquetas semánticas para mejorar inclusión.",Frontend
Rendimiento en Frontend,"Optimización de carga con code splitting, lazy loading y reducción del tamaño de los bundles.",Frontend
Formularios Interactivos,Captura y validación de datos del usuario con retroalimentación clara en la interfaz.,Frontend
Routing en SPAs,Navegación entre vistas usando rutas dinámicas sin recargar completamente la página.,Frontend
Componentización en Vue,Separación de la UI en piezas reutilizables con comunicación clara entre componentes.,Frontend
Animaciones CSS,Uso de transiciones y transformaciones para crear experiencias visuales fluidas.,Frontend
Testing de Interfaces,Validación de componentes y flujos de usuario con pruebas automatizadas.,Frontend
Responsive Design,"Adaptación del diseño a móviles, tabletas y pantallas grandes usando media queries.",Frontend
Gestión de Estado Global,Sincronización de datos compartidos entre múltiples vistas o componentes.,Frontend
SSR y SSG,Renderizado del lado del servidor o generación estática para mejorar SEO y velocidad inicial.,Frontend
TypeScript en el Frontend,Tipado estático para detectar errores temprano y mejorar la calidad del código.,Frontend
Hooks Personalizados,Extracción de lógica reutilizable para simplificar componentes y mantener consistencia.,Frontend
UI con Tailwind,Construcción rápida de interfaces con utilidades CSS y composición de estilos.,Frontend
Experiencia de Usuario,"Diseño de pantallas claras, consistentes y fáciles de usar para el usuario final.",Frontend
Diseño de Bases de Datos Relacionales,"Modelado de tablas, relaciones y claves para representar información de forma consistente.",Database
Consultas SQL Básicas,"Uso de SELECT, WHERE, ORDER BY y filtros para recuperar datos de una base relacional.",Database
Índices para Optimización,Creación de índices para acelerar consultas frecuentes y mejorar tiempos de respuesta.,Database
Normalización de Datos,Reducción de redundancia mediante formas normales y separación adecuada de entidades.,Database
Claves Primarias y Foráneas,Identificación única de registros y establecimiento de relaciones entre tablas.,Database
Transacciones ACID,"Aseguramiento de atomicidad, consistencia, aislamiento y durabilidad en operaciones críticas.",Database
JOINs en SQL,"Combinación de información desde varias tablas mediante INNER JOIN, LEFT JOIN y otras variantes.",Database
Bases de Datos NoSQL,Almacenamiento flexible de documentos o pares clave-valor sin esquema rígido.,Database
Consultas Agregadas,"Uso de GROUP BY, SUM, COUNT y funciones agregadas para resumir información.",Database
PostgreSQL para Aplicaciones,"Gestión de datos con consultas avanzadas, tipos complejos e índices bien diseñados.",Database
MySQL en Proyectos Web,Persistencia de información en tablas con relaciones y consultas de uso frecuente.,Database
MongoDB Documental,Modelado de colecciones y documentos para escenarios donde la flexibilidad es importante.,Database
Seguridad en Bases de Datos,"Control de permisos, roles y protección de datos sensibles en entornos productivos.",Database
Backups y Recuperación,"Estrategias de respaldo, restauración y continuidad operativa ante fallos.",Database
Optimización de Planes de Ejecución,Análisis de consultas para detectar cuellos de botella y mejorar rendimiento.,Database
Particionamiento de Tablas,División de grandes volúmenes de datos para facilitar mantenimiento y consultas.,Database
Integridad Referencial,Mantenimiento de relaciones correctas entre entidades y prevención de inconsistencias.,Database
Procedimientos Almacenados,Automatización de lógica dentro del motor de base de datos para tareas repetitivas.,Database
Replicación y Alta Disponibilidad,Distribución de datos para tolerancia a fallos y mejora de disponibilidad.,Database
Modelado Relacional Avanzado,Diseño de esquemas consistentes para sistemas transaccionales y analíticos.,Database
Diseño de Bases de Datos Relacionales,"Modelado de tablas, relaciones y claves para representar información de forma consistente.",Database
Consultas SQL Básicas,"Uso de SELECT, WHERE, ORDER BY y filtros para recuperar datos de una base relacional.",Database
Índices para Optimización,Creación de índices para acelerar consultas frecuentes y mejorar tiempos de respuesta.,Database
Normalización de Datos,Reducción de redundancia mediante formas normales y separación adecuada de entidades.,Database
Claves Primarias y Foráneas,Identificación única de registros y establecimiento de relaciones entre tablas.,Database
Transacciones ACID,"Aseguramiento de atomicidad, consistencia, aislamiento y durabilidad en operaciones críticas.",Database
JOINs en SQL,"Combinación de información desde varias tablas mediante INNER JOIN, LEFT JOIN y otras variantes.",Database
Bases de Datos NoSQL,Almacenamiento flexible de documentos o pares clave-valor sin esquema rígido.,Database
Consultas Agregadas,"Uso de GROUP BY, SUM, COUNT y funciones agregadas para resumir información.",Database
PostgreSQL para Aplicaciones,"Gestión de datos con consultas avanzadas, tipos complejos e índices bien diseñados.",Database
MySQL en Proyectos Web,Persistencia de información en tablas con relaciones y consultas de uso frecuente.,Database
MongoDB Documental,Modelado de colecciones y documentos para escenarios donde la flexibilidad es importante.,Database
Seguridad en Bases de Datos,"Control de permisos, roles y protección de datos sensibles en entornos productivos.",Database
Backups y Recuperación,"Estrategias de respaldo, restauración y continuidad operativa ante fallos.",Database
Optimización de Planes de Ejecución,Análisis de consultas para detectar cuellos de botella y mejorar rendimiento.,Database
Particionamiento de Tablas,División de grandes volúmenes de datos para facilitar mantenimiento y consultas.,Database
Integridad Referencial,Mantenimiento de relaciones correctas entre entidades y prevención de inconsistencias.,Database
Procedimientos Almacenados,Automatización de lógica dentro del motor de base de datos para tareas repetitivas.,Database
Replicación y Alta Disponibilidad,Distribución de datos para tolerancia a fallos y mejora de disponibilidad.,Database
Modelado Relacional Avanzado,Diseño de esquemas consistentes para sistemas transaccionales y analíticos.,Database
Diseño de Bases de Datos Relacionales,"Modelado de tablas, relaciones y claves para representar información de forma consistente.",Database
Consultas SQL Básicas,"Uso de SELECT, WHERE, ORDER BY y filtros para recuperar datos de una base relacional.",Database
Índices para Optimización,Creación de índices para acelerar consultas frecuentes y mejorar tiempos de respuesta.,Database
Normalización de Datos,Reducción de redundancia mediante formas normales y separación adecuada de entidades.,Database
Claves Primarias y Foráneas,Identificación única de registros y establecimiento de relaciones entre tablas.,Database
Transacciones ACID,"Aseguramiento de atomicidad, consistencia, aislamiento y durabilidad en operaciones críticas.",Database
JOINs en SQL,"Combinación de información desde varias tablas mediante INNER JOIN, LEFT JOIN y otras variantes.",Database
Bases de Datos NoSQL,Almacenamiento flexible de documentos o pares clave-valor sin esquema rígido.,Database
Consultas Agregadas,"Uso de GROUP BY, SUM, COUNT y funciones agregadas para resumir información.",Database
PostgreSQL para Aplicaciones,"Gestión de datos con consultas avanzadas, tipos complejos e índices bien diseñados.",Database
MySQL en Proyectos Web,Persistencia de información en tablas con relaciones y consultas de uso frecuente.,Database
MongoDB Documental,Modelado de colecciones y documentos para escenarios donde la flexibilidad es importante.,Database
Seguridad en Bases de Datos,"Control de permisos, roles y protección de datos sensibles en entornos productivos.",Database
Backups y Recuperación,"Estrategias de respaldo, restauración y continuidad operativa ante fallos.",Database
Optimización de Planes de Ejecución,Análisis de consultas para detectar cuellos de botella y mejorar rendimiento.,Database
Particionamiento de Tablas,División de grandes volúmenes de datos para facilitar mantenimiento y consultas.,Database
Integridad Referencial,Mantenimiento de relaciones correctas entre entidades y prevención de inconsistencias.,Database
Procedimientos Almacenados,Automatización de lógica dentro del motor de base de datos para tareas repetitivas.,Database
Replicación y Alta Disponibilidad,Distribución de datos para tolerancia a fallos y mejora de disponibilidad.,Database
Modelado Relacional Avanzado,Diseño de esquemas consistentes para sistemas transaccionales y analíticos.,Database
Diseño de Bases de Datos Relacionales,"Modelado de tablas, relaciones y claves para representar información de forma consistente.",Database
Consultas SQL Básicas,"Uso de SELECT, WHERE, ORDER BY y filtros para recuperar datos de una base relacional.",Database
Índices para Optimización,Creación de índices para acelerar consultas frecuentes y mejorar tiempos de respuesta.,Database
Normalización de Datos,Reducción de redundancia mediante formas normales y separación adecuada de entidades.,Database
Claves Primarias y Foráneas,Identificación única de registros y establecimiento de relaciones entre tablas.,Database
Transacciones ACID,"Aseguramiento de atomicidad, consistencia, aislamiento y durabilidad en operaciones críticas.",Database
JOINs en SQL,"Combinación de información desde varias tablas mediante INNER JOIN, LEFT JOIN y otras variantes.",Database
Bases de Datos NoSQL,Almacenamiento flexible de documentos o pares clave-valor sin esquema rígido.,Database
Consultas Agregadas,"Uso de GROUP BY, SUM, COUNT y funciones agregadas para resumir información.",Database
PostgreSQL para Aplicaciones,"Gestión de datos con consultas avanzadas, tipos complejos e índices bien diseñados.",Database
MySQL en Proyectos Web,Persistencia de información en tablas con relaciones y consultas de uso frecuente.,Database
MongoDB Documental,Modelado de colecciones y documentos para escenarios donde la flexibilidad es importante.,Database
Seguridad en Bases de Datos,"Control de permisos, roles y protección de datos sensibles en entornos productivos.",Database
Backups y Recuperación,"Estrategias de respaldo, restauración y continuidad operativa ante fallos.",Database
Optimización de Planes de Ejecución,Análisis de consultas para detectar cuellos de botella y mejorar rendimiento.,Database
Particionamiento de Tablas,División de grandes volúmenes de datos para facilitar mantenimiento y consultas.,Database
Integridad Referencial,Mantenimiento de relaciones correctas entre entidades y prevención de inconsistencias.,Database
Procedimientos Almacenados,Automatización de lógica dentro del motor de base de datos para tareas repetitivas.,Database
Replicación y Alta Disponibilidad,Distribución de datos para tolerancia a fallos y mejora de disponibilidad.,Database
Modelado Relacional Avanzado,Diseño de esquemas consistentes para sistemas transaccionales y analíticos.,Database
Diseño de Bases de Datos Relacionales,"Modelado de tablas, relaciones y claves para representar información de forma consistente.",Database
Consultas SQL Básicas,"Uso de SELECT, WHERE, ORDER BY y filtros para recuperar datos de una base relacional.",Database
Índices para Optimización,Creación de índices para acelerar consultas frecuentes y mejorar tiempos de respuesta.,Database
Normalización de Datos,Reducción de redundancia mediante formas normales y separación adecuada de entidades.,Database
Claves Primarias y Foráneas,Identificación única de registros y establecimiento de relaciones entre tablas.,Database
Transacciones ACID,"Aseguramiento de atomicidad, consistencia, aislamiento y durabilidad en operaciones críticas.",Database
JOINs en SQL,"Combinación de información desde varias tablas mediante INNER JOIN, LEFT JOIN y otras variantes.",Database
Bases de Datos NoSQL,Almacenamiento flexible de documentos o pares clave-valor sin esquema rígido.,Database
Consultas Agregadas,"Uso de GROUP BY, SUM, COUNT y funciones agregadas para resumir información.",Database
PostgreSQL para Aplicaciones,"Gestión de datos con consultas avanzadas, tipos complejos e índices bien diseñados.",Database
MySQL en Proyectos Web,Persistencia de información en tablas con relaciones y consultas de uso frecuente.,Database
MongoDB Documental,Modelado de colecciones y documentos para escenarios donde la flexibilidad es importante.,Database
Seguridad en Bases de Datos,"Control de permisos, roles y protección de datos sensibles en entornos productivos.",Database
Backups y Recuperación,"Estrategias de respaldo, restauración y continuidad operativa ante fallos.",Database
Optimización de Planes de Ejecución,Análisis de consultas para detectar cuellos de botella y mejorar rendimiento.,Database
Particionamiento de Tablas,División de grandes volúmenes de datos para facilitar mantenimiento y consultas.,Database
Integridad Referencial,Mantenimiento de relaciones correctas entre entidades y prevención de inconsistencias.,Database
Procedimientos Almacenados,Automatización de lógica dentro del motor de base de datos para tareas repetitivas.,Database
Replicación y Alta Disponibilidad,Distribución de datos para tolerancia a fallos y mejora de disponibilidad.,Database
Modelado Relacional Avanzado,Diseño de esquemas consistentes para sistemas transaccionales y analíticos.,Database
Diseño de Bases de Datos Relacionales,"Modelado de tablas, relaciones y claves para representar información de forma consistente.",Database
Consultas SQL Básicas,"Uso de SELECT, WHERE, ORDER BY y filtros para recuperar datos de una base relacional.",Database
Índices para Optimización,Creación de índices para acelerar consultas frecuentes y mejorar tiempos de respuesta.,Database
Normalización de Datos,Reducción de redundancia mediante formas normales y separación adecuada de entidades.,Database
Claves Primarias y Foráneas,Identificación única de registros y establecimiento de relaciones entre tablas.,Database
Transacciones ACID,"Aseguramiento de atomicidad, consistencia, aislamiento y durabilidad en operaciones críticas.",Database
JOINs en SQL,"Combinación de información desde varias tablas mediante INNER JOIN, LEFT JOIN y otras variantes.",Database
Bases de Datos NoSQL,Almacenamiento flexible de documentos o pares clave-valor sin esquema rígido.,Database
Consultas Agregadas,"Uso de GROUP BY, SUM, COUNT y funciones agregadas para resumir información.",Database
PostgreSQL para Aplicaciones,"Gestión de datos con consultas avanzadas, tipos complejos e índices bien diseñados.",Database
MySQL en Proyectos Web,Persistencia de información en tablas con relaciones y consultas de uso frecuente.,Database
MongoDB Documental,Modelado de colecciones y documentos para escenarios donde la flexibilidad es importante.,Database
Seguridad en Bases de Datos,"Control de permisos, roles y protección de datos sensibles en entornos productivos.",Database
Backups y Recuperación,"Estrategias de respaldo, restauración y continuidad operativa ante fallos.",Database
Optimización de Planes de Ejecución,Análisis de consultas para detectar cuellos de botella y mejorar rendimiento.,Database
Particionamiento de Tablas,División de grandes volúmenes de datos para facilitar mantenimiento y consultas.,Database
Integridad Referencial,Mantenimiento de relaciones correctas entre entidades y prevención de inconsistencias.,Database
Procedimientos Almacenados,Automatización de lógica dentro del motor de base de datos para tareas repetitivas.,Database
Replicación y Alta Disponibilidad,Distribución de datos para tolerancia a fallos y mejora de disponibilidad.,Database
Modelado Relacional Avanzado,Diseño de esquemas consistentes para sistemas transaccionales y analíticos.,Database
Diseño de Bases de Datos Relacionales,"Modelado de tablas, relaciones y claves para representar información de forma consistente.",Database
Consultas SQL Básicas,"Uso de SELECT, WHERE, ORDER BY y filtros para recuperar datos de una base relacional.",Database
Índices para Optimización,Creación de índices para acelerar consultas frecuentes y mejorar tiempos de respuesta.,Database
Normalización de Datos,Reducción de redundancia mediante formas normales y separación adecuada de entidades.,Database
Claves Primarias y Foráneas,Identificación única de registros y establecimiento de relaciones entre tablas.,Database
Transacciones ACID,"Aseguramiento de atomicidad, consistencia, aislamiento y durabilidad en operaciones críticas.",Database
JOINs en SQL,"Combinación de información desde varias tablas mediante INNER JOIN, LEFT JOIN y otras variantes.",Database
Bases de Datos NoSQL,Almacenamiento flexible de documentos o pares clave-valor sin esquema rígido.,Database
Consultas Agregadas,"Uso de GROUP BY, SUM, COUNT y funciones agregadas para resumir información.",Database
PostgreSQL para Aplicaciones,"Gestión de datos con consultas avanzadas, tipos complejos e índices bien diseñados.",Database
MySQL en Proyectos Web,Persistencia de información en tablas con relaciones y consultas de uso frecuente.,Database
MongoDB Documental,Modelado de colecciones y documentos para escenarios donde la flexibilidad es importante.,Database
Seguridad en Bases de Datos,"Control de permisos, roles y protección de datos sensibles en entornos productivos.",Database
Backups y Recuperación,"Estrategias de respaldo, restauración y continuidad operativa ante fallos.",Database
Optimización de Planes de Ejecución,Análisis de consultas para detectar cuellos de botella y mejorar rendimiento.,Database
Particionamiento de Tablas,División de grandes volúmenes de datos para facilitar mantenimiento y consultas.,Database
Integridad Referencial,Mantenimiento de relaciones correctas entre entidades y prevención de inconsistencias.,Database
Procedimientos Almacenados,Automatización de lógica dentro del motor de base de datos para tareas repetitivas.,Database
Replicación y Alta Disponibilidad,Distribución de datos para tolerancia a fallos y mejora de disponibilidad.,Database
Modelado Relacional Avanzado,Diseño de esquemas consistentes para sistemas transaccionales y analíticos.,Database
Diseño de Bases de Datos Relacionales,"Modelado de tablas, relaciones y claves para representar información de forma consistente.",Database
Consultas SQL Básicas,"Uso de SELECT, WHERE, ORDER BY y filtros para recuperar datos de una base relacional.",Database
Índices para Optimización,Creación de índices para acelerar consultas frecuentes y mejorar tiempos de respuesta.,Database
Normalización de Datos,Reducción de redundancia mediante formas normales y separación adecuada de entidades.,Database
Claves Primarias y Foráneas,Identificación única de registros y establecimiento de relaciones entre tablas.,Database
Transacciones ACID,"Aseguramiento de atomicidad, consistencia, aislamiento y durabilidad en operaciones críticas.",Database
JOINs en SQL,"Combinación de información desde varias tablas mediante INNER JOIN, LEFT JOIN y otras variantes.",Database
Bases de Datos NoSQL,Almacenamiento flexible de documentos o pares clave-valor sin esquema rígido.,Database
Consultas Agregadas,"Uso de GROUP BY, SUM, COUNT y funciones agregadas para resumir información.",Database
PostgreSQL para Aplicaciones,"Gestión de datos con consultas avanzadas, tipos complejos e índices bien diseñados.",Database
MySQL en Proyectos Web,Persistencia de información en tablas con relaciones y consultas de uso frecuente.,Database
MongoDB Documental,Modelado de colecciones y documentos para escenarios donde la flexibilidad es importante.,Database
Seguridad en Bases de Datos,"Control de permisos, roles y protección de datos sensibles en entornos productivos.",Database
Backups y Recuperación,"Estrategias de respaldo, restauración y continuidad operativa ante fallos.",Database
Optimización de Planes de Ejecución,Análisis de consultas para detectar cuellos de botella y mejorar rendimiento.,Database
Particionamiento de Tablas,División de grandes volúmenes de datos para facilitar mantenimiento y consultas.,Database
Integridad Referencial,Mantenimiento de relaciones correctas entre entidades y prevención de inconsistencias.,Database
Procedimientos Almacenados,Automatización de lógica dentro del motor de base de datos para tareas repetitivas.,Database
Replicación y Alta Disponibilidad,Distribución de datos para tolerancia a fallos y mejora de disponibilidad.,Database
Modelado Relacional Avanzado,Diseño de esquemas consistentes para sistemas transaccionales y analíticos.,Database
Diseño de Bases de Datos Relacionales,"Modelado de tablas, relaciones y claves para representar información de forma consistente.",Database
Consultas SQL Básicas,"Uso de SELECT, WHERE, ORDER BY y filtros para recuperar datos de una base relacional.",Database
Índices para Optimización,Creación de índices para acelerar consultas frecuentes y mejorar tiempos de respuesta.,Database
Normalización de Datos,Reducción de redundancia mediante formas normales y separación adecuada de entidades.,Database
Claves Primarias y Foráneas,Identificación única de registros y establecimiento de relaciones entre tablas.,Database
Transacciones ACID,"Aseguramiento de atomicidad, consistencia, aislamiento y durabilidad en operaciones críticas.",Database
JOINs en SQL,"Combinación de información desde varias tablas mediante INNER JOIN, LEFT JOIN y otras variantes.",Database
Bases de Datos NoSQL,Almacenamiento flexible de documentos o pares clave-valor sin esquema rígido.,Database
Consultas Agregadas,"Uso de GROUP BY, SUM, COUNT y funciones agregadas para resumir información.",Database
PostgreSQL para Aplicaciones,"Gestión de datos con consultas avanzadas, tipos complejos e índices bien diseñados.",Database
MySQL en Proyectos Web,Persistencia de información en tablas con relaciones y consultas de uso frecuente.,Database
MongoDB Documental,Modelado de colecciones y documentos para escenarios donde la flexibilidad es importante.,Database
Seguridad en Bases de Datos,"Control de permisos, roles y protección de datos sensibles en entornos productivos.",Database
Backups y Recuperación,"Estrategias de respaldo, restauración y continuidad operativa ante fallos.",Database
Optimización de Planes de Ejecución,Análisis de consultas para detectar cuellos de botella y mejorar rendimiento.,Database
Particionamiento de Tablas,División de grandes volúmenes de datos para facilitar mantenimiento y consultas.,Database
Integridad Referencial,Mantenimiento de relaciones correctas entre entidades y prevención de inconsistencias.,Database
Procedimientos Almacenados,Automatización de lógica dentro del motor de base de datos para tareas repetitivas.,Database
Replicación y Alta Disponibilidad,Distribución de datos para tolerancia a fallos y mejora de disponibilidad.,Database
Modelado Relacional Avanzado,Diseño de esquemas consistentes para sistemas transaccionales y analíticos.,Database
Diseño de Bases de Datos Relacionales,"Modelado de tablas, relaciones y claves para representar información de forma consistente.",Database
Consultas SQL Básicas,"Uso de SELECT, WHERE, ORDER BY y filtros para recuperar datos de una base relacional.",Database
Índices para Optimización,Creación de índices para acelerar consultas frecuentes y mejorar tiempos de respuesta.,Database
Normalización de Datos,Reducción de redundancia mediante formas normales y separación adecuada de entidades.,Database
Claves Primarias y Foráneas,Identificación única de registros y establecimiento de relaciones entre tablas.,Database
Transacciones ACID,"Aseguramiento de atomicidad, consistencia, aislamiento y durabilidad en operaciones críticas.",Database
JOINs en SQL,"Combinación de información desde varias tablas mediante INNER JOIN, LEFT JOIN y otras variantes.",Database
Bases de Datos NoSQL,Almacenamiento flexible de documentos o pares clave-valor sin esquema rígido.,Database
Consultas Agregadas,"Uso de GROUP BY, SUM, COUNT y funciones agregadas para resumir información.",Database
PostgreSQL para Aplicaciones,"Gestión de datos con consultas avanzadas, tipos complejos e índices bien diseñados.",Database
MySQL en Proyectos Web,Persistencia de información en tablas con relaciones y consultas de uso frecuente.,Database
MongoDB Documental,Modelado de colecciones y documentos para escenarios donde la flexibilidad es importante.,Database
Seguridad en Bases de Datos,"Control de permisos, roles y protección de datos sensibles en entornos productivos.",Database
Backups y Recuperación,"Estrategias de respaldo, restauración y continuidad operativa ante fallos.",Database
Optimización de Planes de Ejecución,Análisis de consultas para detectar cuellos de botella y mejorar rendimiento.,Database
Particionamiento de Tablas,División de grandes volúmenes de datos para facilitar mantenimiento y consultas.,Database
Integridad Referencial,Mantenimiento de relaciones correctas entre entidades y prevención de inconsistencias.,Database
Procedimientos Almacenados,Automatización de lógica dentro del motor de base de datos para tareas repetitivas.,Database
Replicación y Alta Disponibilidad,Distribución de datos para tolerancia a fallos y mejora de disponibilidad.,Database
Modelado Relacional Avanzado,Diseño de esquemas consistentes para sistemas transaccionales y analíticos.,Database
Introducción a Machine Learning,Aprendizaje de patrones a partir de datos históricos para hacer predicciones o clasificaciones.,IA
Redes Neuronales Artificiales,Modelos inspirados en neuronas que ajustan pesos para resolver tareas complejas.,IA
Procesamiento de Lenguaje Natural,"Técnicas para interpretar, clasificar y generar texto en lenguaje humano.",IA
Modelos Predictivos,Uso de datos previos para estimar resultados futuros con enfoque estadístico o de ML.,IA
Aprendizaje Supervisado,Entrenamiento con ejemplos etiquetados para aprender a mapear entradas y salidas.,IA
Aprendizaje No Supervisado,Búsqueda de patrones ocultos y agrupamientos sin etiquetas previas.,IA
Visión por Computadora,"Análisis de imágenes y videos para reconocer objetos, escenas o patrones visuales.",IA
Sobreajuste y Generalización,Problema que ocurre cuando el modelo memoriza demasiado y falla con datos nuevos.,IA
Transformers y LLMs,Arquitecturas que procesan texto con mecanismos de atención para tareas avanzadas.,IA
Fine-Tuning de Modelos,Ajuste de un modelo preentrenado para adaptarlo a un dominio específico.,IA
Embeddings Vectoriales,Representación numérica de palabras o conceptos para medir similitud semántica.,IA
IA Generativa,"Modelos capaces de producir texto, imágenes u otros contenidos a partir de contexto.",IA
RAG con Bases Vectoriales,Combinación de recuperación de información y generación para responder con fuentes externas.,IA
MLOps en Producción,"Gestión del ciclo de vida de modelos, monitoreo y despliegue en entornos reales.",IA
Clasificación de Texto,Asignación de categorías a documentos usando características extraídas del lenguaje.,IA
Optimización de Hiperparámetros,Búsqueda de configuraciones que mejoren el desempeño del modelo entrenado.,IA
Detección de Anomalías,"Identificación de comportamientos atípicos en datos, sensores o transacciones.",IA
IA Explicable,Interpretación de predicciones para entender por qué un modelo tomó una decisión.,IA
Agentes Autónomos,"Sistemas que planifican, ejecutan acciones y usan herramientas para cumplir objetivos.",IA
Ciencia de Datos,"Preparación, análisis y modelado de datos para extraer conocimiento útil.",IA
Introducción a Machine Learning,Aprendizaje de patrones a partir de datos históricos para hacer predicciones o clasificaciones.,IA
Redes Neuronales Artificiales,Modelos inspirados en neuronas que ajustan pesos para resolver tareas complejas.,IA
Procesamiento de Lenguaje Natural,"Técnicas para interpretar, clasificar y generar texto en lenguaje humano.",IA
Modelos Predictivos,Uso de datos previos para estimar resultados futuros con enfoque estadístico o de ML.,IA
Aprendizaje Supervisado,Entrenamiento con ejemplos etiquetados para aprender a mapear entradas y salidas.,IA
Aprendizaje No Supervisado,Búsqueda de patrones ocultos y agrupamientos sin etiquetas previas.,IA
Visión por Computadora,"Análisis de imágenes y videos para reconocer objetos, escenas o patrones visuales.",IA
Sobreajuste y Generalización,Problema que ocurre cuando el modelo memoriza demasiado y falla con datos nuevos.,IA
Transformers y LLMs,Arquitecturas que procesan texto con mecanismos de atención para tareas avanzadas.,IA
Fine-Tuning de Modelos,Ajuste de un modelo preentrenado para adaptarlo a un dominio específico.,IA
Embeddings Vectoriales,Representación numérica de palabras o conceptos para medir similitud semántica.,IA
IA Generativa,"Modelos capaces de producir texto, imágenes u otros contenidos a partir de contexto.",IA
RAG con Bases Vectoriales,Combinación de recuperación de información y generación para responder con fuentes externas.,IA
MLOps en Producción,"Gestión del ciclo de vida de modelos, monitoreo y despliegue en entornos reales.",IA
Clasificación de Texto,Asignación de categorías a documentos usando características extraídas del lenguaje.,IA
Optimización de Hiperparámetros,Búsqueda de configuraciones que mejoren el desempeño del modelo entrenado.,IA
Detección de Anomalías,"Identificación de comportamientos atípicos en datos, sensores o transacciones.",IA
IA Explicable,Interpretación de predicciones para entender por qué un modelo tomó una decisión.,IA
Agentes Autónomos,"Sistemas que planifican, ejecutan acciones y usan herramientas para cumplir objetivos.",IA
Ciencia de Datos,"Preparación, análisis y modelado de datos para extraer conocimiento útil.",IA
Introducción a Machine Learning,Aprendizaje de patrones a partir de datos históricos para hacer predicciones o clasificaciones.,IA
Redes Neuronales Artificiales,Modelos inspirados en neuronas que ajustan pesos para resolver tareas complejas.,IA
Procesamiento de Lenguaje Natural,"Técnicas para interpretar, clasificar y generar texto en lenguaje humano.",IA
Modelos Predictivos,Uso de datos previos para estimar resultados futuros con enfoque estadístico o de ML.,IA
Aprendizaje Supervisado,Entrenamiento con ejemplos etiquetados para aprender a mapear entradas y salidas.,IA
Aprendizaje No Supervisado,Búsqueda de patrones ocultos y agrupamientos sin etiquetas previas.,IA
Visión por Computadora,"Análisis de imágenes y videos para reconocer objetos, escenas o patrones visuales.",IA
Sobreajuste y Generalización,Problema que ocurre cuando el modelo memoriza demasiado y falla con datos nuevos.,IA
Transformers y LLMs,Arquitecturas que procesan texto con mecanismos de atención para tareas avanzadas.,IA
Fine-Tuning de Modelos,Ajuste de un modelo preentrenado para adaptarlo a un dominio específico.,IA
Embeddings Vectoriales,Representación numérica de palabras o conceptos para medir similitud semántica.,IA
IA Generativa,"Modelos capaces de producir texto, imágenes u otros contenidos a partir de contexto.",IA
RAG con Bases Vectoriales,Combinación de recuperación de información y generación para responder con fuentes externas.,IA
MLOps en Producción,"Gestión del ciclo de vida de modelos, monitoreo y despliegue en entornos reales.",IA
Clasificación de Texto,Asignación de categorías a documentos usando características extraídas del lenguaje.,IA
Optimización de Hiperparámetros,Búsqueda de configuraciones que mejoren el desempeño del modelo entrenado.,IA
Detección de Anomalías,"Identificación de comportamientos atípicos en datos, sensores o transacciones.",IA
IA Explicable,Interpretación de predicciones para entender por qué un modelo tomó una decisión.,IA
Agentes Autónomos,"Sistemas que planifican, ejecutan acciones y usan herramientas para cumplir objetivos.",IA
Ciencia de Datos,"Preparación, análisis y modelado de datos para extraer conocimiento útil.",IA
Introducción a Machine Learning,Aprendizaje de patrones a partir de datos históricos para hacer predicciones o clasificaciones.,IA
Redes Neuronales Artificiales,Modelos inspirados en neuronas que ajustan pesos para resolver tareas complejas.,IA
Procesamiento de Lenguaje Natural,"Técnicas para interpretar, clasificar y generar texto en lenguaje humano.",IA
Modelos Predictivos,Uso de datos previos para estimar resultados futuros con enfoque estadístico o de ML.,IA
Aprendizaje Supervisado,Entrenamiento con ejemplos etiquetados para aprender a mapear entradas y salidas.,IA
Aprendizaje No Supervisado,Búsqueda de patrones ocultos y agrupamientos sin etiquetas previas.,IA
Visión por Computadora,"Análisis de imágenes y videos para reconocer objetos, escenas o patrones visuales.",IA
Sobreajuste y Generalización,Problema que ocurre cuando el modelo memoriza demasiado y falla con datos nuevos.,IA
Transformers y LLMs,Arquitecturas que procesan texto con mecanismos de atención para tareas avanzadas.,IA
Fine-Tuning de Modelos,Ajuste de un modelo preentrenado para adaptarlo a un dominio específico.,IA
Embeddings Vectoriales,Representación numérica de palabras o conceptos para medir similitud semántica.,IA
IA Generativa,"Modelos capaces de producir texto, imágenes u otros contenidos a partir de contexto.",IA
RAG con Bases Vectoriales,Combinación de recuperación de información y generación para responder con fuentes externas.,IA
MLOps en Producción,"Gestión del ciclo de vida de modelos, monitoreo y despliegue en entornos reales.",IA
Clasificación de Texto,Asignación de categorías a documentos usando características extraídas del lenguaje.,IA
Optimización de Hiperparámetros,Búsqueda de configuraciones que mejoren el desempeño del modelo entrenado.,IA
Detección de Anomalías,"Identificación de comportamientos atípicos en datos, sensores o transacciones.",IA
IA Explicable,Interpretación de predicciones para entender por qué un modelo tomó una decisión.,IA
Agentes Autónomos,"Sistemas que planifican, ejecutan acciones y usan herramientas para cumplir objetivos.",IA
Ciencia de Datos,"Preparación, análisis y modelado de datos para extraer conocimiento útil.",IA
Introducción a Machine Learning,Aprendizaje de patrones a partir de datos históricos para hacer predicciones o clasificaciones.,IA
Redes Neuronales Artificiales,Modelos inspirados en neuronas que ajustan pesos para resolver tareas complejas.,IA
Procesamiento de Lenguaje Natural,"Técnicas para interpretar, clasificar y generar texto en lenguaje humano.",IA
Modelos Predictivos,Uso de datos previos para estimar resultados futuros con enfoque estadístico o de ML.,IA
Aprendizaje Supervisado,Entrenamiento con ejemplos etiquetados para aprender a mapear entradas y salidas.,IA
Aprendizaje No Supervisado,Búsqueda de patrones ocultos y agrupamientos sin etiquetas previas.,IA
Visión por Computadora,"Análisis de imágenes y videos para reconocer objetos, escenas o patrones visuales.",IA
Sobreajuste y Generalización,Problema que ocurre cuando el modelo memoriza demasiado y falla con datos nuevos.,IA
Transformers y LLMs,Arquitecturas que procesan texto con mecanismos de atención para tareas avanzadas.,IA
Fine-Tuning de Modelos,Ajuste de un modelo preentrenado para adaptarlo a un dominio específico.,IA
Embeddings Vectoriales,Representación numérica de palabras o conceptos para medir similitud semántica.,IA
IA Generativa,"Modelos capaces de producir texto, imágenes u otros contenidos a partir de contexto.",IA
RAG con Bases Vectoriales,Combinación de recuperación de información y generación para responder con fuentes externas.,IA
MLOps en Producción,"Gestión del ciclo de vida de modelos, monitoreo y despliegue en entornos reales.",IA
Clasificación de Texto,Asignación de categorías a documentos usando características extraídas del lenguaje.,IA
Optimización de Hiperparámetros,Búsqueda de configuraciones que mejoren el desempeño del modelo entrenado.,IA
Detección de Anomalías,"Identificación de comportamientos atípicos en datos, sensores o transacciones.",IA
IA Explicable,Interpretación de predicciones para entender por qué un modelo tomó una decisión.,IA
Agentes Autónomos,"Sistemas que planifican, ejecutan acciones y usan herramientas para cumplir objetivos.",IA
Ciencia de Datos,"Preparación, análisis y modelado de datos para extraer conocimiento útil.",IA
Introducción a Machine Learning,Aprendizaje de patrones a partir de datos históricos para hacer predicciones o clasificaciones.,IA
Redes Neuronales Artificiales,Modelos inspirados en neuronas que ajustan pesos para resolver tareas complejas.,IA
Procesamiento de Lenguaje Natural,"Técnicas para interpretar, clasificar y generar texto en lenguaje humano.",IA
Modelos Predictivos,Uso de datos previos para estimar resultados futuros con enfoque estadístico o de ML.,IA
Aprendizaje Supervisado,Entrenamiento con ejemplos etiquetados para aprender a mapear entradas y salidas.,IA
Aprendizaje No Supervisado,Búsqueda de patrones ocultos y agrupamientos sin etiquetas previas.,IA
Visión por Computadora,"Análisis de imágenes y videos para reconocer objetos, escenas o patrones visuales.",IA
Sobreajuste y Generalización,Problema que ocurre cuando el modelo memoriza demasiado y falla con datos nuevos.,IA
Transformers y LLMs,Arquitecturas que procesan texto con mecanismos de atención para tareas avanzadas.,IA
Fine-Tuning de Modelos,Ajuste de un modelo preentrenado para adaptarlo a un dominio específico.,IA
Embeddings Vectoriales,Representación numérica de palabras o conceptos para medir similitud semántica.,IA
IA Generativa,"Modelos capaces de producir texto, imágenes u otros contenidos a partir de contexto.",IA
RAG con Bases Vectoriales,Combinación de recuperación de información y generación para responder con fuentes externas.,IA
MLOps en Producción,"Gestión del ciclo de vida de modelos, monitoreo y despliegue en entornos reales.",IA
Clasificación de Texto,Asignación de categorías a documentos usando características extraídas del lenguaje.,IA
Optimización de Hiperparámetros,Búsqueda de configuraciones que mejoren el desempeño del modelo entrenado.,IA
Detección de Anomalías,"Identificación de comportamientos atípicos en datos, sensores o transacciones.",IA
IA Explicable,Interpretación de predicciones para entender por qué un modelo tomó una decisión.,IA
Agentes Autónomos,"Sistemas que planifican, ejecutan acciones y usan herramientas para cumplir objetivos.",IA
Ciencia de Datos,"Preparación, análisis y modelado de datos para extraer conocimiento útil.",IA
Introducción a Machine Learning,Aprendizaje de patrones a partir de datos históricos para hacer predicciones o clasificaciones.,IA
Redes Neuronales Artificiales,Modelos inspirados en neuronas que ajustan pesos para resolver tareas complejas.,IA
Procesamiento de Lenguaje Natural,"Técnicas para interpretar, clasificar y generar texto en lenguaje humano.",IA
Modelos Predictivos,Uso de datos previos para estimar resultados futuros con enfoque estadístico o de ML.,IA
Aprendizaje Supervisado,Entrenamiento con ejemplos etiquetados para aprender a mapear entradas y salidas.,IA
Aprendizaje No Supervisado,Búsqueda de patrones ocultos y agrupamientos sin etiquetas previas.,IA
Visión por Computadora,"Análisis de imágenes y videos para reconocer objetos, escenas o patrones visuales.",IA
Sobreajuste y Generalización,Problema que ocurre cuando el modelo memoriza demasiado y falla con datos nuevos.,IA
Transformers y LLMs,Arquitecturas que procesan texto con mecanismos de atención para tareas avanzadas.,IA
Fine-Tuning de Modelos,Ajuste de un modelo preentrenado para adaptarlo a un dominio específico.,IA
Embeddings Vectoriales,Representación numérica de palabras o conceptos para medir similitud semántica.,IA
IA Generativa,"Modelos capaces de producir texto, imágenes u otros contenidos a partir de contexto.",IA
RAG con Bases Vectoriales,Combinación de recuperación de información y generación para responder con fuentes externas.,IA
MLOps en Producción,"Gestión del ciclo de vida de modelos, monitoreo y despliegue en entornos reales.",IA
Clasificación de Texto,Asignación de categorías a documentos usando características extraídas del lenguaje.,IA
Optimización de Hiperparámetros,Búsqueda de configuraciones que mejoren el desempeño del modelo entrenado.,IA
Detección de Anomalías,"Identificación de comportamientos atípicos en datos, sensores o transacciones.",IA
IA Explicable,Interpretación de predicciones para entender por qué un modelo tomó una decisión.,IA
Agentes Autónomos,"Sistemas que planifican, ejecutan acciones y usan herramientas para cumplir objetivos.",IA
Ciencia de Datos,"Preparación, análisis y modelado de datos para extraer conocimiento útil.",IA
Introducción a Machine Learning,Aprendizaje de patrones a partir de datos históricos para hacer predicciones o clasificaciones.,IA
Redes Neuronales Artificiales,Modelos inspirados en neuronas que ajustan pesos para resolver tareas complejas.,IA
Procesamiento de Lenguaje Natural,"Técnicas para interpretar, clasificar y generar texto en lenguaje humano.",IA
Modelos Predictivos,Uso de datos previos para estimar resultados futuros con enfoque estadístico o de ML.,IA
Aprendizaje Supervisado,Entrenamiento con ejemplos etiquetados para aprender a mapear entradas y salidas.,IA
Aprendizaje No Supervisado,Búsqueda de patrones ocultos y agrupamientos sin etiquetas previas.,IA
Visión por Computadora,"Análisis de imágenes y videos para reconocer objetos, escenas o patrones visuales.",IA
Sobreajuste y Generalización,Problema que ocurre cuando el modelo memoriza demasiado y falla con datos nuevos.,IA
Transformers y LLMs,Arquitecturas que procesan texto con mecanismos de atención para tareas avanzadas.,IA
Fine-Tuning de Modelos,Ajuste de un modelo preentrenado para adaptarlo a un dominio específico.,IA
Embeddings Vectoriales,Representación numérica de palabras o conceptos para medir similitud semántica.,IA
IA Generativa,"Modelos capaces de producir texto, imágenes u otros contenidos a partir de contexto.",IA
RAG con Bases Vectoriales,Combinación de recuperación de información y generación para responder con fuentes externas.,IA
MLOps en Producción,"Gestión del ciclo de vida de modelos, monitoreo y despliegue en entornos reales.",IA
Clasificación de Texto,Asignación de categorías a documentos usando características extraídas del lenguaje.,IA
Optimización de Hiperparámetros,Búsqueda de configuraciones que mejoren el desempeño del modelo entrenado.,IA
Detección de Anomalías,"Identificación de comportamientos atípicos en datos, sensores o transacciones.",IA
IA Explicable,Interpretación de predicciones para entender por qué un modelo tomó una decisión.,IA
Agentes Autónomos,"Sistemas que planifican, ejecutan acciones y usan herramientas para cumplir objetivos.",IA
Ciencia de Datos,"Preparación, análisis y modelado de datos para extraer conocimiento útil.",IA
Introducción a Machine Learning,Aprendizaje de patrones a partir de datos históricos para hacer predicciones o clasificaciones.,IA
Redes Neuronales Artificiales,Modelos inspirados en neuronas que ajustan pesos para resolver tareas complejas.,IA
Procesamiento de Lenguaje Natural,"Técnicas para interpretar, clasificar y generar texto en lenguaje humano.",IA
Modelos Predictivos,Uso de datos previos para estimar resultados futuros con enfoque estadístico o de ML.,IA
Aprendizaje Supervisado,Entrenamiento con ejemplos etiquetados para aprender a mapear entradas y salidas.,IA
Aprendizaje No Supervisado,Búsqueda de patrones ocultos y agrupamientos sin etiquetas previas.,IA
Visión por Computadora,"Análisis de imágenes y videos para reconocer objetos, escenas o patrones visuales.",IA
Sobreajuste y Generalización,Problema que ocurre cuando el modelo memoriza demasiado y falla con datos nuevos.,IA
Transformers y LLMs,Arquitecturas que procesan texto con mecanismos de atención para tareas avanzadas.,IA
Fine-Tuning de Modelos,Ajuste de un modelo preentrenado para adaptarlo a un dominio específico.,IA
Embeddings Vectoriales,Representación numérica de palabras o conceptos para medir similitud semántica.,IA
IA Generativa,"Modelos capaces de producir texto, imágenes u otros contenidos a partir de contexto.",IA
RAG con Bases Vectoriales,Combinación de recuperación de información y generación para responder con fuentes externas.,IA
MLOps en Producción,"Gestión del ciclo de vida de modelos, monitoreo y despliegue en entornos reales.",IA
Clasificación de Texto,Asignación de categorías a documentos usando características extraídas del lenguaje.,IA
Optimización de Hiperparámetros,Búsqueda de configuraciones que mejoren el desempeño del modelo entrenado.,IA
Detección de Anomalías,"Identificación de comportamientos atípicos en datos, sensores o transacciones.",IA
IA Explicable,Interpretación de predicciones para entender por qué un modelo tomó una decisión.,IA
Agentes Autónomos,"Sistemas que planifican, ejecutan acciones y usan herramientas para cumplir objetivos.",IA
Ciencia de Datos,"Preparación, análisis y modelado de datos para extraer conocimiento útil.",IA
Introducción a Machine Learning,Aprendizaje de patrones a partir de datos históricos para hacer predicciones o clasificaciones.,IA
Redes Neuronales Artificiales,Modelos inspirados en neuronas que ajustan pesos para resolver tareas complejas.,IA
Procesamiento de Lenguaje Natural,"Técnicas para interpretar, clasificar y generar texto en lenguaje humano.",IA
Modelos Predictivos,Uso de datos previos para estimar resultados futuros con enfoque estadístico o de ML.,IA
Aprendizaje Supervisado,Entrenamiento con ejemplos etiquetados para aprender a mapear entradas y salidas.,IA
Aprendizaje No Supervisado,Búsqueda de patrones ocultos y agrupamientos sin etiquetas previas.,IA
Visión por Computadora,"Análisis de imágenes y videos para reconocer objetos, escenas o patrones visuales.",IA
Sobreajuste y Generalización,Problema que ocurre cuando el modelo memoriza demasiado y falla con datos nuevos.,IA
Transformers y LLMs,Arquitecturas que procesan texto con mecanismos de atención para tareas avanzadas.,IA
Fine-Tuning de Modelos,Ajuste de un modelo preentrenado para adaptarlo a un dominio específico.,IA
Embeddings Vectoriales,Representación numérica de palabras o conceptos para medir similitud semántica.,IA
IA Generativa,"Modelos capaces de producir texto, imágenes u otros contenidos a partir de contexto.",IA
RAG con Bases Vectoriales,Combinación de recuperación de información y generación para responder con fuentes externas.,IA
MLOps en Producción,"Gestión del ciclo de vida de modelos, monitoreo y despliegue en entornos reales.",IA
Clasificación de Texto,Asignación de categorías a documentos usando características extraídas del lenguaje.,IA
Optimización de Hiperparámetros,Búsqueda de configuraciones que mejoren el desempeño del modelo entrenado.,IA
Detección de Anomalías,"Identificación de comportamientos atípicos en datos, sensores o transacciones.",IA
IA Explicable,Interpretación de predicciones para entender por qué un modelo tomó una decisión.,IA
Agentes Autónomos,"Sistemas que planifican, ejecutan acciones y usan herramientas para cumplir objetivos.",IA
Ciencia de Datos,"Preparación, análisis y modelado de datos para extraer conocimiento útil.",IA
Fundamentos de Computación en la Nube,"Uso de recursos remotos de cómputo, red y almacenamiento bajo demanda.",Cloud
Arquitectura Serverless,Ejecución de funciones sin administrar servidores directamente y con escalado automático.,Cloud
Servicios de Almacenamiento Cloud,Persistencia de archivos y objetos en plataformas distribuidas con alta disponibilidad.,Cloud
Seguridad en la Nube,"Protección de identidades, accesos, redes y datos en entornos cloud.",Cloud
Infraestructura como Servicio,"Alquiler de cómputo, red y almacenamiento sin comprar hardware físico.",Cloud
Despliegue Escalable,Publicación de aplicaciones con capacidad de crecer según la demanda.,Cloud
Contenedores en la Nube,Ejecución de aplicaciones aisladas con Docker o Kubernetes en infraestructura remota.,Cloud
Gestión de Identidades IAM,"Control de permisos y privilegios para usuarios, servicios y recursos.",Cloud
Monitoreo y Observabilidad,"Uso de métricas, logs y alarmas para detectar incidentes y analizar rendimiento.",Cloud
Redes Virtuales Cloud,"Configuración de subredes, gateways y rutas para aislar recursos.",Cloud
Alta Disponibilidad,Diseño de sistemas con redundancia y tolerancia a fallos para evitar interrupciones.,Cloud
Balanceo de Carga,Distribución del tráfico entre múltiples instancias para mejorar estabilidad.,Cloud
Pipelines CI/CD,"Automatización de pruebas, integración y despliegue en entornos cloud.",Cloud
Terraform e Infraestructura como Código,Definición reproducible de recursos de nube mediante archivos declarativos.,Cloud
Bases de Datos Administradas,Uso de servicios gestionados para simplificar mantenimiento y escalabilidad.,Cloud
Kubernetes para Despliegue,Orquestación de contenedores con autoescalado y recuperación ante fallos.,Cloud
Optimización de Costos Cloud,Estrategias para reducir gasto sin comprometer disponibilidad ni seguridad.,Cloud
Backup y Recuperación en la Nube,Copias de seguridad y restauración para continuidad operativa.,Cloud
Arquitectura Multinube,Distribución de servicios entre proveedores para reducir dependencia y riesgo.,Cloud
Gobernanza Cloud,"Control de políticas, organización de recursos y cumplimiento dentro de la plataforma.",Cloud
Fundamentos de Computación en la Nube,"Uso de recursos remotos de cómputo, red y almacenamiento bajo demanda.",Cloud
Arquitectura Serverless,Ejecución de funciones sin administrar servidores directamente y con escalado automático.,Cloud
Servicios de Almacenamiento Cloud,Persistencia de archivos y objetos en plataformas distribuidas con alta disponibilidad.,Cloud
Seguridad en la Nube,"Protección de identidades, accesos, redes y datos en entornos cloud.",Cloud
Infraestructura como Servicio,"Alquiler de cómputo, red y almacenamiento sin comprar hardware físico.",Cloud
Despliegue Escalable,Publicación de aplicaciones con capacidad de crecer según la demanda.,Cloud
Contenedores en la Nube,Ejecución de aplicaciones aisladas con Docker o Kubernetes en infraestructura remota.,Cloud
Gestión de Identidades IAM,"Control de permisos y privilegios para usuarios, servicios y recursos.",Cloud
Monitoreo y Observabilidad,"Uso de métricas, logs y alarmas para detectar incidentes y analizar rendimiento.",Cloud
Redes Virtuales Cloud,"Configuración de subredes, gateways y rutas para aislar recursos.",Cloud
Alta Disponibilidad,Diseño de sistemas con redundancia y tolerancia a fallos para evitar interrupciones.,Cloud
Balanceo de Carga,Distribución del tráfico entre múltiples instancias para mejorar estabilidad.,Cloud
Pipelines CI/CD,"Automatización de pruebas, integración y despliegue en entornos cloud.",Cloud
Terraform e Infraestructura como Código,Definición reproducible de recursos de nube mediante archivos declarativos.,Cloud
Bases de Datos Administradas,Uso de servicios gestionados para simplificar mantenimiento y escalabilidad.,Cloud
Kubernetes para Despliegue,Orquestación de contenedores con autoescalado y recuperación ante fallos.,Cloud
Optimización de Costos Cloud,Estrategias para reducir gasto sin comprometer disponibilidad ni seguridad.,Cloud
Backup y Recuperación en la Nube,Copias de seguridad y restauración para continuidad operativa.,Cloud
Arquitectura Multinube,Distribución de servicios entre proveedores para reducir dependencia y riesgo.,Cloud
Gobernanza Cloud,"Control de políticas, organización de recursos y cumplimiento dentro de la plataforma.",Cloud
Fundamentos de Computación en la Nube,"Uso de recursos remotos de cómputo, red y almacenamiento bajo demanda.",Cloud
Arquitectura Serverless,Ejecución de funciones sin administrar servidores directamente y con escalado automático.,Cloud
Servicios de Almacenamiento Cloud,Persistencia de archivos y objetos en plataformas distribuidas con alta disponibilidad.,Cloud
Seguridad en la Nube,"Protección de identidades, accesos, redes y datos en entornos cloud.",Cloud
Infraestructura como Servicio,"Alquiler de cómputo, red y almacenamiento sin comprar hardware físico.",Cloud
Despliegue Escalable,Publicación de aplicaciones con capacidad de crecer según la demanda.,Cloud
Contenedores en la Nube,Ejecución de aplicaciones aisladas con Docker o Kubernetes en infraestructura remota.,Cloud
Gestión de Identidades IAM,"Control de permisos y privilegios para usuarios, servicios y recursos.",Cloud
Monitoreo y Observabilidad,"Uso de métricas, logs y alarmas para detectar incidentes y analizar rendimiento.",Cloud
Redes Virtuales Cloud,"Configuración de subredes, gateways y rutas para aislar recursos.",Cloud
Alta Disponibilidad,Diseño de sistemas con redundancia y tolerancia a fallos para evitar interrupciones.,Cloud
Balanceo de Carga,Distribución del tráfico entre múltiples instancias para mejorar estabilidad.,Cloud
Pipelines CI/CD,"Automatización de pruebas, integración y despliegue en entornos cloud.",Cloud
Terraform e Infraestructura como Código,Definición reproducible de recursos de nube mediante archivos declarativos.,Cloud
Bases de Datos Administradas,Uso de servicios gestionados para simplificar mantenimiento y escalabilidad.,Cloud
Kubernetes para Despliegue,Orquestación de contenedores con autoescalado y recuperación ante fallos.,Cloud
Optimización de Costos Cloud,Estrategias para reducir gasto sin comprometer disponibilidad ni seguridad.,Cloud
Backup y Recuperación en la Nube,Copias de seguridad y restauración para continuidad operativa.,Cloud
Arquitectura Multinube,Distribución de servicios entre proveedores para reducir dependencia y riesgo.,Cloud
Gobernanza Cloud,"Control de políticas, organización de recursos y cumplimiento dentro de la plataforma.",Cloud
Fundamentos de Computación en la Nube,"Uso de recursos remotos de cómputo, red y almacenamiento bajo demanda.",Cloud
Arquitectura Serverless,Ejecución de funciones sin administrar servidores directamente y con escalado automático.,Cloud
Servicios de Almacenamiento Cloud,Persistencia de archivos y objetos en plataformas distribuidas con alta disponibilidad.,Cloud
Seguridad en la Nube,"Protección de identidades, accesos, redes y datos en entornos cloud.",Cloud
Infraestructura como Servicio,"Alquiler de cómputo, red y almacenamiento sin comprar hardware físico.",Cloud
Despliegue Escalable,Publicación de aplicaciones con capacidad de crecer según la demanda.,Cloud
Contenedores en la Nube,Ejecución de aplicaciones aisladas con Docker o Kubernetes en infraestructura remota.,Cloud
Gestión de Identidades IAM,"Control de permisos y privilegios para usuarios, servicios y recursos.",Cloud
Monitoreo y Observabilidad,"Uso de métricas, logs y alarmas para detectar incidentes y analizar rendimiento.",Cloud
Redes Virtuales Cloud,"Configuración de subredes, gateways y rutas para aislar recursos.",Cloud
Alta Disponibilidad,Diseño de sistemas con redundancia y tolerancia a fallos para evitar interrupciones.,Cloud
Balanceo de Carga,Distribución del tráfico entre múltiples instancias para mejorar estabilidad.,Cloud
Pipelines CI/CD,"Automatización de pruebas, integración y despliegue en entornos cloud.",Cloud
Terraform e Infraestructura como Código,Definición reproducible de recursos de nube mediante archivos declarativos.,Cloud
Bases de Datos Administradas,Uso de servicios gestionados para simplificar mantenimiento y escalabilidad.,Cloud
Kubernetes para Despliegue,Orquestación de contenedores con autoescalado y recuperación ante fallos.,Cloud
Optimización de Costos Cloud,Estrategias para reducir gasto sin comprometer disponibilidad ni seguridad.,Cloud
Backup y Recuperación en la Nube,Copias de seguridad y restauración para continuidad operativa.,Cloud
Arquitectura Multinube,Distribución de servicios entre proveedores para reducir dependencia y riesgo.,Cloud
Gobernanza Cloud,"Control de políticas, organización de recursos y cumplimiento dentro de la plataforma.",Cloud
Fundamentos de Computación en la Nube,"Uso de recursos remotos de cómputo, red y almacenamiento bajo demanda.",Cloud
Arquitectura Serverless,Ejecución de funciones sin administrar servidores directamente y con escalado automático.,Cloud
Servicios de Almacenamiento Cloud,Persistencia de archivos y objetos en plataformas distribuidas con alta disponibilidad.,Cloud
Seguridad en la Nube,"Protección de identidades, accesos, redes y datos en entornos cloud.",Cloud
Infraestructura como Servicio,"Alquiler de cómputo, red y almacenamiento sin comprar hardware físico.",Cloud
Despliegue Escalable,Publicación de aplicaciones con capacidad de crecer según la demanda.,Cloud
Contenedores en la Nube,Ejecución de aplicaciones aisladas con Docker o Kubernetes en infraestructura remota.,Cloud
Gestión de Identidades IAM,"Control de permisos y privilegios para usuarios, servicios y recursos.",Cloud
Monitoreo y Observabilidad,"Uso de métricas, logs y alarmas para detectar incidentes y analizar rendimiento.",Cloud
Redes Virtuales Cloud,"Configuración de subredes, gateways y rutas para aislar recursos.",Cloud
Alta Disponibilidad,Diseño de sistemas con redundancia y tolerancia a fallos para evitar interrupciones.,Cloud
Balanceo de Carga,Distribución del tráfico entre múltiples instancias para mejorar estabilidad.,Cloud
Pipelines CI/CD,"Automatización de pruebas, integración y despliegue en entornos cloud.",Cloud
Terraform e Infraestructura como Código,Definición reproducible de recursos de nube mediante archivos declarativos.,Cloud
Bases de Datos Administradas,Uso de servicios gestionados para simplificar mantenimiento y escalabilidad.,Cloud
Kubernetes para Despliegue,Orquestación de contenedores con autoescalado y recuperación ante fallos.,Cloud
Optimización de Costos Cloud,Estrategias para reducir gasto sin comprometer disponibilidad ni seguridad.,Cloud
Backup y Recuperación en la Nube,Copias de seguridad y restauración para continuidad operativa.,Cloud
Arquitectura Multinube,Distribución de servicios entre proveedores para reducir dependencia y riesgo.,Cloud
Gobernanza Cloud,"Control de políticas, organización de recursos y cumplimiento dentro de la plataforma.",Cloud
Fundamentos de Computación en la Nube,"Uso de recursos remotos de cómputo, red y almacenamiento bajo demanda.",Cloud
Arquitectura Serverless,Ejecución de funciones sin administrar servidores directamente y con escalado automático.,Cloud
Servicios de Almacenamiento Cloud,Persistencia de archivos y objetos en plataformas distribuidas con alta disponibilidad.,Cloud
Seguridad en la Nube,"Protección de identidades, accesos, redes y datos en entornos cloud.",Cloud
Infraestructura como Servicio,"Alquiler de cómputo, red y almacenamiento sin comprar hardware físico.",Cloud
Despliegue Escalable,Publicación de aplicaciones con capacidad de crecer según la demanda.,Cloud
Contenedores en la Nube,Ejecución de aplicaciones aisladas con Docker o Kubernetes en infraestructura remota.,Cloud
Gestión de Identidades IAM,"Control de permisos y privilegios para usuarios, servicios y recursos.",Cloud
Monitoreo y Observabilidad,"Uso de métricas, logs y alarmas para detectar incidentes y analizar rendimiento.",Cloud
Redes Virtuales Cloud,"Configuración de subredes, gateways y rutas para aislar recursos.",Cloud
Alta Disponibilidad,Diseño de sistemas con redundancia y tolerancia a fallos para evitar interrupciones.,Cloud
Balanceo de Carga,Distribución del tráfico entre múltiples instancias para mejorar estabilidad.,Cloud
Pipelines CI/CD,"Automatización de pruebas, integración y despliegue en entornos cloud.",Cloud
Terraform e Infraestructura como Código,Definición reproducible de recursos de nube mediante archivos declarativos.,Cloud
Bases de Datos Administradas,Uso de servicios gestionados para simplificar mantenimiento y escalabilidad.,Cloud
Kubernetes para Despliegue,Orquestación de contenedores con autoescalado y recuperación ante fallos.,Cloud
Optimización de Costos Cloud,Estrategias para reducir gasto sin comprometer disponibilidad ni seguridad.,Cloud
Backup y Recuperación en la Nube,Copias de seguridad y restauración para continuidad operativa.,Cloud
Arquitectura Multinube,Distribución de servicios entre proveedores para reducir dependencia y riesgo.,Cloud
Gobernanza Cloud,"Control de políticas, organización de recursos y cumplimiento dentro de la plataforma.",Cloud
Fundamentos de Computación en la Nube,"Uso de recursos remotos de cómputo, red y almacenamiento bajo demanda.",Cloud
Arquitectura Serverless,Ejecución de funciones sin administrar servidores directamente y con escalado automático.,Cloud
Servicios de Almacenamiento Cloud,Persistencia de archivos y objetos en plataformas distribuidas con alta disponibilidad.,Cloud
Seguridad en la Nube,"Protección de identidades, accesos, redes y datos en entornos cloud.",Cloud
Infraestructura como Servicio,"Alquiler de cómputo, red y almacenamiento sin comprar hardware físico.",Cloud
Despliegue Escalable,Publicación de aplicaciones con capacidad de crecer según la demanda.,Cloud
Contenedores en la Nube,Ejecución de aplicaciones aisladas con Docker o Kubernetes en infraestructura remota.,Cloud
Gestión de Identidades IAM,"Control de permisos y privilegios para usuarios, servicios y recursos.",Cloud
Monitoreo y Observabilidad,"Uso de métricas, logs y alarmas para detectar incidentes y analizar rendimiento.",Cloud
Redes Virtuales Cloud,"Configuración de subredes, gateways y rutas para aislar recursos.",Cloud
Alta Disponibilidad,Diseño de sistemas con redundancia y tolerancia a fallos para evitar interrupciones.,Cloud
Balanceo de Carga,Distribución del tráfico entre múltiples instancias para mejorar estabilidad.,Cloud
Pipelines CI/CD,"Automatización de pruebas, integración y despliegue en entornos cloud.",Cloud
Terraform e Infraestructura como Código,Definición reproducible de recursos de nube mediante archivos declarativos.,Cloud
Bases de Datos Administradas,Uso de servicios gestionados para simplificar mantenimiento y escalabilidad.,Cloud
Kubernetes para Despliegue,Orquestación de contenedores con autoescalado y recuperación ante fallos.,Cloud
Optimización de Costos Cloud,Estrategias para reducir gasto sin comprometer disponibilidad ni seguridad.,Cloud
Backup y Recuperación en la Nube,Copias de seguridad y restauración para continuidad operativa.,Cloud
Arquitectura Multinube,Distribución de servicios entre proveedores para reducir dependencia y riesgo.,Cloud
Gobernanza Cloud,"Control de políticas, organización de recursos y cumplimiento dentro de la plataforma.",Cloud
Fundamentos de Computación en la Nube,"Uso de recursos remotos de cómputo, red y almacenamiento bajo demanda.",Cloud
Arquitectura Serverless,Ejecución de funciones sin administrar servidores directamente y con escalado automático.,Cloud
Servicios de Almacenamiento Cloud,Persistencia de archivos y objetos en plataformas distribuidas con alta disponibilidad.,Cloud
Seguridad en la Nube,"Protección de identidades, accesos, redes y datos en entornos cloud.",Cloud
Infraestructura como Servicio,"Alquiler de cómputo, red y almacenamiento sin comprar hardware físico.",Cloud
Despliegue Escalable,Publicación de aplicaciones con capacidad de crecer según la demanda.,Cloud
Contenedores en la Nube,Ejecución de aplicaciones aisladas con Docker o Kubernetes en infraestructura remota.,Cloud
Gestión de Identidades IAM,"Control de permisos y privilegios para usuarios, servicios y recursos.",Cloud
Monitoreo y Observabilidad,"Uso de métricas, logs y alarmas para detectar incidentes y analizar rendimiento.",Cloud
Redes Virtuales Cloud,"Configuración de subredes, gateways y rutas para aislar recursos.",Cloud
Alta Disponibilidad,Diseño de sistemas con redundancia y tolerancia a fallos para evitar interrupciones.,Cloud
Balanceo de Carga,Distribución del tráfico entre múltiples instancias para mejorar estabilidad.,Cloud
Pipelines CI/CD,"Automatización de pruebas, integración y despliegue en entornos cloud.",Cloud
Terraform e Infraestructura como Código,Definición reproducible de recursos de nube mediante archivos declarativos.,Cloud
Bases de Datos Administradas,Uso de servicios gestionados para simplificar mantenimiento y escalabilidad.,Cloud
Kubernetes para Despliegue,Orquestación de contenedores con autoescalado y recuperación ante fallos.,Cloud
Optimización de Costos Cloud,Estrategias para reducir gasto sin comprometer disponibilidad ni seguridad.,Cloud
Backup y Recuperación en la Nube,Copias de seguridad y restauración para continuidad operativa.,Cloud
Arquitectura Multinube,Distribución de servicios entre proveedores para reducir dependencia y riesgo.,Cloud
Gobernanza Cloud,"Control de políticas, organización de recursos y cumplimiento dentro de la plataforma.",Cloud
Fundamentos de Computación en la Nube,"Uso de recursos remotos de cómputo, red y almacenamiento bajo demanda.",Cloud
Arquitectura Serverless,Ejecución de funciones sin administrar servidores directamente y con escalado automático.,Cloud
Servicios de Almacenamiento Cloud,Persistencia de archivos y objetos en plataformas distribuidas con alta disponibilidad.,Cloud
Seguridad en la Nube,"Protección de identidades, accesos, redes y datos en entornos cloud.",Cloud
Infraestructura como Servicio,"Alquiler de cómputo, red y almacenamiento sin comprar hardware físico.",Cloud
Despliegue Escalable,Publicación de aplicaciones con capacidad de crecer según la demanda.,Cloud
Contenedores en la Nube,Ejecución de aplicaciones aisladas con Docker o Kubernetes en infraestructura remota.,Cloud
Gestión de Identidades IAM,"Control de permisos y privilegios para usuarios, servicios y recursos.",Cloud
Monitoreo y Observabilidad,"Uso de métricas, logs y alarmas para detectar incidentes y analizar rendimiento.",Cloud
Redes Virtuales Cloud,"Configuración de subredes, gateways y rutas para aislar recursos.",Cloud
Alta Disponibilidad,Diseño de sistemas con redundancia y tolerancia a fallos para evitar interrupciones.,Cloud
Balanceo de Carga,Distribución del tráfico entre múltiples instancias para mejorar estabilidad.,Cloud
Pipelines CI/CD,"Automatización de pruebas, integración y despliegue en entornos cloud.",Cloud
Terraform e Infraestructura como Código,Definición reproducible de recursos de nube mediante archivos declarativos.,Cloud
Bases de Datos Administradas,Uso de servicios gestionados para simplificar mantenimiento y escalabilidad.,Cloud
Kubernetes para Despliegue,Orquestación de contenedores con autoescalado y recuperación ante fallos.,Cloud
Optimización de Costos Cloud,Estrategias para reducir gasto sin comprometer disponibilidad ni seguridad.,Cloud
Backup y Recuperación en la Nube,Copias de seguridad y restauración para continuidad operativa.,Cloud
Arquitectura Multinube,Distribución de servicios entre proveedores para reducir dependencia y riesgo.,Cloud
Gobernanza Cloud,"Control de políticas, organización de recursos y cumplimiento dentro de la plataforma.",Cloud
Fundamentos de Computación en la Nube,"Uso de recursos remotos de cómputo, red y almacenamiento bajo demanda.",Cloud
Arquitectura Serverless,Ejecución de funciones sin administrar servidores directamente y con escalado automático.,Cloud
Servicios de Almacenamiento Cloud,Persistencia de archivos y objetos en plataformas distribuidas con alta disponibilidad.,Cloud
Seguridad en la Nube,"Protección de identidades, accesos, redes y datos en entornos cloud.",Cloud
Infraestructura como Servicio,"Alquiler de cómputo, red y almacenamiento sin comprar hardware físico.",Cloud
Despliegue Escalable,Publicación de aplicaciones con capacidad de crecer según la demanda.,Cloud
Contenedores en la Nube,Ejecución de aplicaciones aisladas con Docker o Kubernetes en infraestructura remota.,Cloud
Gestión de Identidades IAM,"Control de permisos y privilegios para usuarios, servicios y recursos.",Cloud
Monitoreo y Observabilidad,"Uso de métricas, logs y alarmas para detectar incidentes y analizar rendimiento.",Cloud
Redes Virtuales Cloud,"Configuración de subredes, gateways y rutas para aislar recursos.",Cloud
Alta Disponibilidad,Diseño de sistemas con redundancia y tolerancia a fallos para evitar interrupciones.,Cloud
Balanceo de Carga,Distribución del tráfico entre múltiples instancias para mejorar estabilidad.,Cloud
Pipelines CI/CD,"Automatización de pruebas, integración y despliegue en entornos cloud.",Cloud
Terraform e Infraestructura como Código,Definición reproducible de recursos de nube mediante archivos declarativos.,Cloud
Bases de Datos Administradas,Uso de servicios gestionados para simplificar mantenimiento y escalabilidad.,Cloud
Kubernetes para Despliegue,Orquestación de contenedores con autoescalado y recuperación ante fallos.,Cloud
Optimización de Costos Cloud,Estrategias para reducir gasto sin comprometer disponibilidad ni seguridad.,Cloud
Backup y Recuperación en la Nube,Copias de seguridad y restauración para continuidad operativa.,Cloud
Arquitectura Multinube,Distribución de servicios entre proveedores para reducir dependencia y riesgo.,Cloud
Gobernanza Cloud,"Control de políticas, organización de recursos y cumplimiento dentro de la plataforma.",Cloud
